id,source_question_id,question,expected_document,expected_section,reference_answer,notes,experiment,retrieval_experiment,answer,context,llm_error,rouge_l_f1,grounding_overlap,citation_present
1,1,Что такое промежуточная аттестация?,ПОПАТКУС,Общие положения,Промежуточная аттестация предназначена для оценивания промежуточных или окончательных результатов обучения по дисциплине.,короткий definitional вопрос,extractive_top1_generation,baseline_dense_test,17. [Источник: ПОПАТКУС | Характеристика системы оценивания и принципов расчета оценок],"[1] Документ: ПОПАТКУС
Раздел: Характеристика системы оценивания и принципов расчета оценок
Фрагмент: 17. Оценка по промежуточной аттестации рассчитывается с помощью формулы (правила), учитывающей (учитывающего) каждую из оценок по Элементам контроля. Формула расчета (правило определения) оценки по промежуточной аттестации в обязательном порядке фиксируется в ПУД. При выставлении оценки по промежуточной аттестации применяются одинаковые правила при любой попытке сдачи Элемента контроля.",,0.0909090909090909,0.875,1
2,5,Можно ли пересдать неудовлетворительную оценку по дисциплине?,ПОПАТКУС,Организация сессии и оформление результатов промежуточной аттестации,"Неудовлетворительную оценку можно пересдать в порядке, установленном положением, в предусмотренные для этого сроки и периоды пересдач.",вопрос про процедуру,extractive_top1_generation,baseline_dense_test,"Процедура первой пересдачи по Дисциплине, предусматривающей экзамен, должна соответствовать процедуре сдачи экзамена, при этом формат проведения может отличаться. [Источник: ПОПАТКУС | Апелляция]","[1] Документ: ПОПАТКУС
Раздел: Апелляция
Фрагмент: 161. Процедура первой пересдачи по Дисциплине, предусматривающей экзамен, должна соответствовать процедуре сдачи экзамена, при этом формат проведения может отличаться. Если это зафиксировано в ПУД, то первая пересдача может отличаться технологией и форматом проведения (использование прокторинга, платформа тестирования и т.д.). Допускается дистанционная организация, в том числе для экзаменов, проведенных очно в учебных аудиториях. Пересдаче подлежит только неудовлетворительная оценка, полученная на экзамене. Накопленная оценка по иным Элементам контроля не подлежит изменению.  
162. Если по Дисциплине предусмотрены Элементы контроля, не подлежащие пересдаче, то при отсутствии оценок по ним у студента для расчета оценки по промежуточной аттестации они учитываются как «0».",,0.0,0.9473684210526315,1
3,7,Как подать апелляцию на блокирующий элемент контроля?,ПОПАТКУС,Апелляция,"Апелляция по блокирующему элементу контроля подается и рассматривается в порядке, установленном разделом об апелляции; комиссия либо удовлетворяет, либо отклоняет заявление.",процедурный ответ,extractive_top1_generation,baseline_dense_test,"Заявление на апелляцию подается студентом на имя академического руководителя в течение 3 (трех) рабочих дней с момента объявления оценки за блокирующий Элемент контроля и (или) экзамен (включая пересдачи), на результаты которого подается апелляция. [Источник: ПОПАТКУС | Апелляция]","[1] Документ: ПОПАТКУС
Раздел: Апелляция
Фрагмент: # Апелляция  
119. Студент имеет право на апелляцию результатов Элементов контроля, объявленных в ПУД блокирующими и (или) экзаменов (включая пересдачи), за исключением случаев, когда результат по вышеуказанным Элементам контроля составляет 8 баллов и выше.  
120. Заявление на апелляцию подается студентом на имя академического руководителя в течение 3 (трех) рабочих дней с момента объявления оценки за блокирующий Элемент контроля и (или) экзамен (включая пересдачи), на результаты которого подается апелляция.  
121. В заявлении должны быть указаны конкретные основания для апелляции. К ним могут относиться:  
1.  оценивание заданий, не соответствующее критериям, установленным в ПУД;  
2.  ошибки в формулировках задач и заданий, допущенные составителями;  
3.  нарушение преподавателем установленной в Университете процедуры проведения Элемента контроля;  
4.  обстоятельства, мешающие преподавателю объективно оценить работу.  
<!-- -->",,0.07142857142857142,0.96,1
4,21,Что считается плагиатом по правилам ВШЭ?,ПВРО 2024,ПРАВА И ОБЯЗАННОСТИ ОБУЧАЮЩИХСЯ,"Плагиатом считается использование чужого текста или иного объекта авторских прав без полной ссылки либо в объеме, ставящем под сомнение самостоятельность работы.",академическая честность,extractive_top1_generation,baseline_dense_test,"Не считается плагиатом использование чужих источников/текста при подготовке учебных работ по образовательным программам, связанным с издательским делом/дизайном. [Источник: ПВРО 2024 | 3. ПРАВА И ОБЯЗАННОСТИ ОБУЧАЮЩИХСЯ]","[1] Документ: ПВРО 2024
Раздел: 3. ПРАВА И ОБЯЗАННОСТИ ОБУЧАЮЩИХСЯ
Фрагмент: 3.5.4.3. плагиата. Плагиат определяется как использование в письменной работе чужого текста или иного объекта авторских прав, опубликованного в бумажном или электронном виде, без полной ссылки (то есть без указания имени автора и источника заимствования) или со ссылками, но так, что объем и характер заимствований ставят под сомнение самостоятельность выполненной работы или одного из ее основных разделов. Плагиат может быть реализован в одной из следующих форм:

а) дословное изложение чужого текста;

б) полное использование иного объекта авторских прав;

в) парафраза -- изложение чужого текста с заменой слов и выражений без изменения содержания заимствованного текста.

Дословное изложение чужого текса и парафраз признается плагиатом также в случае перевода текста с иностранного языка. Не считается плагиатом использование чужих источников/текста при подготовке учебных работ по образовательным программам, связанным с издательским делом/дизайном.",,0.125,0.9523809523809523,1
5,24,Какие меры дисциплинарного взыскания могут применяться к обучающемуся?,ПВРО 2024,ДИСЦИПЛИНАРНАЯ ОТВЕТСТВЕННОСТЬ ОБУЧАЮЩИХСЯ,"К обучающемуся могут применяться замечание, выговор и отчисление.",короткий список,extractive_top1_generation,baseline_dense_test,"За совершение дисциплинарного проступка к обучающемуся могут быть применены следующие меры дисциплинарного взыскания:

а) замечание;

б) выговор;

в) отчисление. [Источник: ПВРО 2024 | 4. ДИСЦИПЛИНАРНАЯ ОТВЕТСТВЕННОСТЬ ОБУЧАЮЩИХСЯ]","[1] Документ: ПВРО 2024
Раздел: 4. ДИСЦИПЛИНАРНАЯ ОТВЕТСТВЕННОСТЬ ОБУЧАЮЩИХСЯ
Фрагмент: **4. ДИСЦИПЛИНАРНАЯ ОТВЕТСТВЕННОСТЬ ОБУЧАЮЩИХСЯ**

4.1. Дисциплинарным проступком признается неисполнение или нарушение Правил, иных локальных нормативных актов университета, в том числе регламентирующих организацию и осуществление образовательной деятельности.

За совершение дисциплинарного проступка к обучающемуся могут быть применены следующие меры дисциплинарного взыскания:

а) замечание;

б) выговор;

в) отчисление.

4.2. Университет осуществляет выбор конкретной меры дисциплинарного взыскания с учетом требований законодательства об образовании. Меры дисциплинарного взыскания могут быть применены к обучающемуся в любой последовательности (очередности), независимо от того, как они перечислены в пункте 4.1 Правил.",,0.3529411764705882,0.9444444444444444,1
6,34,Нужно ли показывать студенческий билет или пропуск по требованию охраны?,ПВРО 2024,ПРАВА И ОБЯЗАННОСТИ ОБУЧАЮЩИХСЯ,"Да, при наличии оснований обучающийся обязан предъявить документ, подтверждающий обучение, и (или) электронный пропуск по требованию уполномоченных работников и охраны.",прикладной вопрос,extractive_top1_generation,baseline_dense_test,"при проходе в здания университета и (или) нахождении в помещениях университета иметь при себе документ, подтверждающий обучение в Университете (студенческий билет, удостоверение аспиранта, ученический билет и т.д.) и (или) электронный пропуск (последний - при наличии), предъявлять любой из документов, дающих право на вход на объекты НИУ ВШЭ в соответствии с Положением о внутриобъектовом и пропускном режиме на объектах НИУ ВШЭ по требованию уполномоченных работников НИУ ВШЭ и работников охраны, в случае наличия у указанных работников обоснованных подозрений в нарушении обучающимся Правил, а равно при наличии оснований, предусмотренных законодательством Российской Федерации, и при условии указания соответствующим работником своей должности, фамилии, имени, отчества; бережно и аккуратно хранить студенческий билет, удостоверение аспиранта, ученический билет, электронный пропуск, не передавать их третьим лицам, и не использовать указанные документы третьих лиц для совершения действий в своих интересах или [Источник: ПВРО 2024 | 3. ПРАВА И ОБЯЗАННОСТИ ОБУЧАЮЩИХСЯ]","[1] Документ: ПВРО 2024
Раздел: 3. ПРАВА И ОБЯЗАННОСТИ ОБУЧАЮЩИХСЯ
Фрагмент: 3.5.8. при проходе в здания университета и (или) нахождении в помещениях университета иметь при себе документ, подтверждающий обучение в Университете (студенческий билет, удостоверение аспиранта, ученический билет и т.д.) и (или) электронный пропуск (последний - при наличии), предъявлять любой из документов, дающих право на вход на объекты НИУ ВШЭ в соответствии с Положением о внутриобъектовом и пропускном режиме на объектах НИУ ВШЭ по требованию уполномоченных работников НИУ ВШЭ и работников охраны, в случае наличия у указанных работников обоснованных подозрений в нарушении обучающимся Правил, а равно при наличии оснований, предусмотренных законодательством Российской Федерации, и при условии указания соответствующим работником своей должности, фамилии, имени, отчества; бережно и аккуратно хранить студенческий билет, удостоверение аспиранта, ученический билет, электронный пропуск, не передавать их третьим лицам, и не использовать указанные документы третьих лиц для совершения действий в своих интересах или",,0.175,0.9879518072289156,1
7,37,Кто является учредителем и собственником имущества университета?,Ustav_01.02.2016-2,I. Общие положения,Учредителем и собственником имущества университета является Российская Федерация.,факт из устава,extractive_top1_generation,baseline_dense_test,Учредителем и собственником имущества университета является Российская Федерация. [Источник: Ustav_01.02.2016-2 | I. Общие положения],"[1] Документ: Ustav_01.02.2016-2
Раздел: I. Общие положения
Фрагмент: ## I. Общие положения  
1. Федеральное государственное автономное образовательное учреждение высшего образования ""Национальный исследовательский университет ""Высшая школа экономики"" (далее -университет) является унитарной некоммерческой организацией, созданной для осуществления образовательных, научных, социальных и культурных функций.  
2. Учредителем и собственником имущества университета является Российская Федерация.  
Функции и полномочия учредителя от имени Российской Федерации в отношении университета осуществляет Правительство Российской Федерации.  
Отдельные функции и полномочия учредителя осуществляют Министерство образования и науки Российской Федерации и Федеральное агентство по управлению государственным имуществом в соответствии с разграничениями, установленными настоящим уставом.",,0.6399999999999999,0.9166666666666666,1
8,40,Какие органы управления есть у университета?,Ustav_01.02.2016-2,IV. Организация деятельности и управление университетом,"Органами управления университета являются наблюдательный совет, конференция работников и обучающихся, ученый совет, президиум ученого совета, ректор и попечительский совет.",структурный вопрос,extractive_top1_generation,baseline_dense_test,"1) осуществляет текущее руководство деятельностью университета, за исключением вопросов, отнесенных федеральными законами или настоящим уставом к компетенции учредителя, наблюдательного совета и иных органов управления университетом;  
2) действует от имени университета без доверенности, представляет университет в отношениях с органами государственной власти, юридическими и физическими лицами;  
3) ежегодно отчитывается перед ученым советом университета;  
4) принимает решение о создании, переименовании и ликвидации структурных подразделений, за исключением структурных подразделений, создание переименование и ликвидация которых отнесены к компетенции ученого совета университета;  
5) утверждает положения о структурных подразделениях (кроме структурных подразделений, утверждение положений о которых отнесено к компетенции ученого совета университета);  
6) утверждает структуру и штатное расписание университета, включая структуру и штатное расписание филиалов и представительств; [Источник: Ustav_01.02.2016-2 | IV. Организация деятельности и управление университетом]","[1] Документ: Ustav_01.02.2016-2
Раздел: IV. Организация деятельности и управление университетом
Фрагмент: 1) осуществляет текущее руководство деятельностью университета, за исключением вопросов, отнесенных федеральными законами или настоящим уставом к компетенции учредителя, наблюдательного совета и иных органов управления университетом;  
2) действует от имени университета без доверенности, представляет университет в отношениях с органами государственной власти, юридическими и физическими лицами;  
3) ежегодно отчитывается перед ученым советом университета;  
4) принимает решение о создании, переименовании и ликвидации структурных подразделений, за исключением структурных подразделений, создание переименование и ликвидация которых отнесены к компетенции ученого совета университета;  
5) утверждает положения о структурных подразделениях (кроме структурных подразделений, утверждение положений о которых отнесено к компетенции ученого совета университета);  
6) утверждает структуру и штатное расписание университета, включая структуру и штатное расписание филиалов и представительств;",,0.0851063829787234,0.9857142857142858,1
9,42,На какой срок формируется наблюдательный совет?,Ustav_01.02.2016-2,IV. Организация деятельности и управление университетом,Срок полномочий наблюдательного совета университета составляет 5 лет.,короткий факт,extractive_top1_generation,baseline_dense_test,Срок полномочий наблюдательного совета университета составляет 5 лет. [Источник: Ustav_01.02.2016-2 | IV. Организация деятельности и управление университетом],"[1] Документ: Ustav_01.02.2016-2
Раздел: IV. Организация деятельности и управление университетом
Фрагмент: В состав наблюдательного совета университета могут входить представители иных государственных органов, органов местного самоуправления и работников университета. Количество представителей государственных органов и органов местного самоуправления в составе наблюдательного совета университета не должно превышать одну треть общего числа членов наблюдательного совета университета. Не менее половины из числа представителей государственных органов и органов местного самоуправления составляют представители Правительства Российской Федерации.  
Количество представителей работников университета не может превышать одну треть общего числа членов наблюдательного совета.  
Срок полномочий наблюдательного совета университета составляет 5 лет.",,0.5714285714285715,0.9285714285714286,1
10,52,Из каких источников формируется имущество университета?,Ustav_01.02.2016-2,VII. Экономика университета,"Имущество формируется из федеральной собственности, имущества, приобретенного за счет средств учредителя, имущества от приносящей доход деятельности и иных законных оснований.",перечень,extractive_top1_generation,baseline_dense_test,"Источниками формирования имущества университета являются:  
1) имущество, находящееся в федеральной собственности, закрепленное за университетом на праве оперативного управления;  
2) имущество, приобретенное университетом за счет средств, выделенных ему учредителем на приобретение такого имущества;  
3) имущество, приобретенное университетом за счет средств от приносящей доход деятельности;  
4) имущество, полученное университетом по иным основаниям, предусмотренным законодательством Российской Федерации. [Источник: Ustav_01.02.2016-2 | VII. Экономика университета]","[1] Документ: Ustav_01.02.2016-2
Раздел: VII. Экономика университета
Фрагмент: 108. Источниками формирования имущества университета являются:  
1) имущество, находящееся в федеральной собственности, закрепленное за университетом на праве оперативного управления;  
2) имущество, приобретенное университетом за счет средств, выделенных ему учредителем на приобретение такого имущества;  
3) имущество, приобретенное университетом за счет средств от приносящей доход деятельности;  
4) имущество, полученное университетом по иным основаниям, предусмотренным законодательством Российской Федерации.  
109. Финансовое обеспечение деятельности университета осуществляется за счет:  
1) субсидии, предоставляемой из федерального бюджета на финансовое обеспечение выполнения государственного задания, с учетом расходов на содержание недвижимого имущества и особо ценного движимого имущества, закрепленного за университетом на праве оперативного управления или приобретенного университетом за счет",,0.2650602409638554,0.972972972972973,1
11,53,За счет чего финансируется деятельность университета?,Ustav_01.02.2016-2,VII. Экономика университета,"Финансирование деятельности университета осуществляется за счет субсидий из федерального бюджета, грантов, доходов от приносящей доход деятельности и иных предусмотренных источников.",перечень источников,extractive_top1_generation,baseline_dense_test,"Стоимость обучения по дополнительным общеобразовательным и дополнительным профессиональным программам, а также размер платы за оказание дополнительных образовательных услуг, оказываемых университетом, устанавливается ректором университета в соответствии с утвержденным планом финансово-хозяйственной деятельности. [Источник: Ustav_01.02.2016-2 | VII. Экономика университета]","[1] Документ: Ustav_01.02.2016-2
Раздел: VII. Экономика университета
Фрагмент: Стоимость обучения по дополнительным общеобразовательным и дополнительным профессиональным программам, а также размер платы за оказание дополнительных образовательных услуг, оказываемых университетом, устанавливается ректором университета в соответствии с утвержденным планом финансово-хозяйственной деятельности.  
123. Университет ведет бухгалтерский учет в соответствии с Федеральным законом ""О бухгалтерском учете"" и иными нормативными правовыми актами в области бухгалтерского учета, представляет статистическую и бухгалтерскую (финансовую) отчетность в порядке, установленном законодательством Российской Федерации.  
124. Решение о проведении аудита годовой бухгалтерской отчетности университета и утверждении аудиторской организации принимает наблюдательный совет университета.  
125. Ежегодно университет опубликовывает отчеты о своей деятельности и об использовании закрепленного за ним имущества в установленном порядке.",,0.06666666666666667,0.9655172413793104,1
12,18,Что такое КУД?,ПОПАТКУС,Заключительные положения,"КУД — это показатель качества учебной деятельности, по которому после сессий и периодов пересдач принимаются решения о возможности продолжения обучения на текущих условиях.",специальный термин,extractive_top1_generation,baseline_dense_test,КУД определяется менеджером образовательной программы в отношении каждого студента образовательной программы. [Источник: ПОПАТКУС | Апелляция],"[1] Документ: ПОПАТКУС
Раздел: Апелляция
Фрагмент: 146. КУД определяется менеджером образовательной программы в отношении каждого студента образовательной программы. Для КУД устанавливается критическое значение. Критическое значение КУД для студентов, не относящихся к отдельным категориям, равно 2 (двум) (обычный КУД). Критическое значение КУД для студентов, относящихся к отдельным категориям, равно 5 (пяти), при условии, если превышение обычного КУД в отношении студента зафиксировано в первый раз. При последующих определениях КУД по отношению к студенту из отдельной категории для принятия решений об условиях продолжения обучения применяется обычный КУД.",,0.05555555555555555,0.9090909090909091,1
13,26,Что запрещено на территории университета?,ПВРО 2024,ПОРЯДОК В ЗДАНИЯХ УНИВЕРСИТЕТА,"На территории университета запрещаются действия, перечисленные в правилах внутреннего распорядка, нарушающие общественный порядок, требования безопасности и установленные ограничения.",обобщенный ответ,extractive_top1_generation,baseline_dense_test,"вывешивание объявлений, нанесение надписей вне отведенных для этого мест без соответствующего разрешения администрации университета;

6.3.8. [Источник: ПВРО 2024 | 6. ПОРЯДОК В ЗДАНИЯХ УНИВЕРСИТЕТА]","[1] Документ: ПВРО 2024
Раздел: 6. ПОРЯДОК В ЗДАНИЯХ УНИВЕРСИТЕТА
Фрагмент: 6.3.7. вывешивание объявлений, нанесение надписей вне отведенных для этого мест без соответствующего разрешения администрации университета;

6.3.8. использование выделенных для обучения аудиторий и оборудования в личных целях;

6.3.9. вынос из зданий университета имущества, предметов или материалов, принадлежащих университету, а также внос в здание громоздких предметов без получения на то соответствующего разрешения администрации университета.",,0.09302325581395349,0.9444444444444444,1
14,46,Кто утверждает устав университета и изменения к нему?,Ustav_01.02.2016-2,I. Общие положения,Устав университета и вносимые в него изменения утверждает Правительство Российской Федерации.,факт из полномочий учредителя,extractive_top1_generation,baseline_dense_test,"1) осуществляет текущее руководство деятельностью университета, за исключением вопросов, отнесенных федеральными законами или настоящим уставом к компетенции учредителя, наблюдательного совета и иных органов управления университетом;  
2) действует от имени университета без доверенности, представляет университет в отношениях с органами государственной власти, юридическими и физическими лицами;  
3) ежегодно отчитывается перед ученым советом университета;  
4) принимает решение о создании, переименовании и ликвидации структурных подразделений, за исключением структурных подразделений, создание переименование и ликвидация которых отнесены к компетенции ученого совета университета;  
5) утверждает положения о структурных подразделениях (кроме структурных подразделений, утверждение положений о которых отнесено к компетенции ученого совета университета);  
6) утверждает структуру и штатное расписание университета, включая структуру и штатное расписание филиалов и представительств; [Источник: Ustav_01.02.2016-2 | IV. Организация деятельности и управление университетом]","[1] Документ: Ustav_01.02.2016-2
Раздел: IV. Организация деятельности и управление университетом
Фрагмент: 1) осуществляет текущее руководство деятельностью университета, за исключением вопросов, отнесенных федеральными законами или настоящим уставом к компетенции учредителя, наблюдательного совета и иных органов управления университетом;  
2) действует от имени университета без доверенности, представляет университет в отношениях с органами государственной власти, юридическими и физическими лицами;  
3) ежегодно отчитывается перед ученым советом университета;  
4) принимает решение о создании, переименовании и ликвидации структурных подразделений, за исключением структурных подразделений, создание переименование и ликвидация которых отнесены к компетенции ученого совета университета;  
5) утверждает положения о структурных подразделениях (кроме структурных подразделений, утверждение положений о которых отнесено к компетенции ученого совета университета);  
6) утверждает структуру и штатное расписание университета, включая структуру и штатное расписание филиалов и представительств;",,0.060150375939849635,0.9857142857142858,1
15,54,Какие основные категории работников есть в университете?,Ustav_01.02.2016-2,VIII. Работники университета,Работники университета делятся на основной персонал и прочий персонал; к основному относятся научно-педагогические и другие профильные категории работников.,ответ с классификацией,extractive_top1_generation,baseline_dense_test,"В университете предусматриваются следующие категории работников:  
1) основной персонал, к которому относятся работники, выполнение трудовых обязанностей которых непосредственно связано с реализацией университетом деятельности, направленной на достижение целей его создания, в том числе:  
а) руководство университета;  
б) научно-педагогические работники, а именно:  
педагогические работники, относящиеся к профессорскопреподавательскому составу;  
научные работники (включая руководителей научных (научноисследовательских), научно-образовательных структурных подразделений и их заместителей);  
в) педагогические работники;  
г) экспертно-аналитический персонал (работники, занимающие должности экспертов и аналитиков в научных (научно-исследовательских), научно-образовательных структурных подразделениях); [Источник: Ustav_01.02.2016-2 | VIII. Работники университета]","[1] Документ: Ustav_01.02.2016-2
Раздел: VIII. Работники университета
Фрагмент: ## VIII. Работники университета  
128. В университете предусматриваются следующие категории работников:  
1) основной персонал, к которому относятся работники, выполнение трудовых обязанностей которых непосредственно связано с реализацией университетом деятельности, направленной на достижение целей его создания, в том числе:  
а) руководство университета;  
б) научно-педагогические работники, а именно:  
педагогические работники, относящиеся к профессорскопреподавательскому составу;  
научные работники (включая руководителей научных (научноисследовательских), научно-образовательных структурных подразделений и их заместителей);  
в) педагогические работники;  
г) экспертно-аналитический персонал (работники, занимающие должности экспертов и аналитиков в научных (научно-исследовательских), научно-образовательных структурных подразделениях);",,0.12844036697247707,0.9814814814814815,1
1,1,Что такое промежуточная аттестация?,ПОПАТКУС,Общие положения,Промежуточная аттестация предназначена для оценивания промежуточных или окончательных результатов обучения по дисциплине.,короткий definitional вопрос,llm_strict_generation,baseline_dense_test,"Промежуточная аттестация — это оценивание промежуточных результатов обучения по дисциплине, если она изучается несколько учебных периодов и не завершена.","[1] Документ: ПОПАТКУС
Раздел: Характеристика системы оценивания и принципов расчета оценок
Фрагмент: 17. Оценка по промежуточной аттестации рассчитывается с помощью формулы (правила), учитывающей (учитывающего) каждую из оценок по Элементам контроля. Формула расчета (правило определения) оценки по промежуточной аттестации в обязательном порядке фиксируется в ПУД. При выставлении оценки по промежуточной аттестации применяются одинаковые правила при любой попытке сдачи Элемента контроля.

[2] Документ: ПОПАТКУС
Раздел: Общие положения
Фрагмент: 3.  Государственная итоговая аттестация студентов организуется в соответствии с локальным нормативным актом Университета, регулирующим организацию и проведение государственной итоговой аттестации в Университете.  
4.  Текущий контроль предназначен для регулярного и систематического оценивания хода освоения студентами Дисциплины во время контактных занятий преподавателя со студентами, включая занятия, организуемые с использованием дистанционных технологий, и по итогам самостоятельной работы студентов. Текущий контроль предусматривает несколько Элементов контроля, каждый из которых оценивается по правилам, определенным в ПУД.  
5.  Промежуточная аттестация предназначена для оценивания:  
1.  промежуточных результатов обучения по Дисциплине -- если Дисциплина изучается несколько учебных периодов, при этом изучение Дисциплины не завершено, и учебный план образовательной программы, включающей данную Дисциплину, предусматривает проведение нескольких промежуточных аттестаций;

[3] Документ: ПОПАТКУС
Раздел: Особенности организации оценивания и зачета результатов по отдельным Элементам обучения
Фрагмент: 1.  **Дисциплины, изученные в других образовательных организациях высшего образования во время академической мобильности, не связанной с сетевой формой реализации образовательных программ**  
117. Результаты промежуточной аттестации студентов, участвующих в программах двустороннего и многостороннего обмена, освоивших часть образовательной программы в другой образовательной организации, в том числе зарубежной, учитываются путем зачета результатов промежуточной аттестации, полученных ими в другой образовательной организации в соответствии с локальными нормативными актами НИУ ВШЭ.  
118. Оценки по промежуточной аттестации определяются в таких случаях индивидуально для каждого студента в установленном в НИУ ВШЭ порядке[^30].",,0.4666666666666666,0.8333333333333334,0
2,5,Можно ли пересдать неудовлетворительную оценку по дисциплине?,ПОПАТКУС,Организация сессии и оформление результатов промежуточной аттестации,"Неудовлетворительную оценку можно пересдать в порядке, установленном положением, в предусмотренные для этого сроки и периоды пересдач.",вопрос про процедуру,llm_strict_generation,baseline_dense_test,"Да, можно пересдать неудовлетворительную оценку по дисциплине (пункт 161 документа ПОПАТКУС).","[1] Документ: ПОПАТКУС
Раздел: Апелляция
Фрагмент: 161. Процедура первой пересдачи по Дисциплине, предусматривающей экзамен, должна соответствовать процедуре сдачи экзамена, при этом формат проведения может отличаться. Если это зафиксировано в ПУД, то первая пересдача может отличаться технологией и форматом проведения (использование прокторинга, платформа тестирования и т.д.). Допускается дистанционная организация, в том числе для экзаменов, проведенных очно в учебных аудиториях. Пересдаче подлежит только неудовлетворительная оценка, полученная на экзамене. Накопленная оценка по иным Элементам контроля не подлежит изменению.  
162. Если по Дисциплине предусмотрены Элементы контроля, не подлежащие пересдаче, то при отсутствии оценок по ним у студента для расчета оценки по промежуточной аттестации они учитываются как «0».

[2] Документ: ПОПАТКУС
Раздел: Апелляция
Фрагмент: 164. Вторая пересдача результатов промежуточной аттестации (далее -- вторая пересдача) может проводиться в том числе в дистанционном формате и принимается комиссией в составе не менее 3 (трех) человек.  
165. Второй пересдаче подлежит только неудовлетворительная оценка по первой пересдаче экзамена для Дисциплин, предусматривающих экзамен. Накопленная оценка по иным Элементам контроля не подлежит изменению.  
166. Для Дисциплин, в которых экзамен не предусмотрен, второй пересдаче подлежит неудовлетворительная оценка, полученная во время первой пересдачи по КИМам для пересдач. Оценки по Элементам контроля, повторить которые невозможно, не подлежат изменению.

[3] Документ: ПОПАТКУС
Раздел: Апелляция
Фрагмент: 2.  ошибки в формулировках задач и заданий, допущенные составителями;  
3.  нарушение преподавателем установленной в Университете процедуры проведения Элемента контроля;  
4.  обстоятельства, мешающие преподавателю объективно оценить работу.  
<!-- -->  
124. Неудовлетворенность студента полученной оценкой не может быть основанием для апелляции.  
125. Результаты второй пересдачи экзамена подлежат апелляции только по основанию, предусмотренному в подпункте 124.3 пункта 124 Положения.  
126. В заявлении, поданном по основанию, предусмотренному подпунктом 124.1 пункта 124 Положения, может содержаться просьба переоценить все или некоторые части Элемента контроля. В этом случае студент должен указать, какой балл ему должен быть выставлен за все или некоторые части Элемента контроля.  
127. В заявлении, поданном по основанию, предусмотренному подпунктом 124.2 пункта 124 Положения, должны быть перечислены ошибки в заданиях.",,0.14814814814814814,0.3333333333333333,0
3,7,Как подать апелляцию на блокирующий элемент контроля?,ПОПАТКУС,Апелляция,"Апелляция по блокирующему элементу контроля подается и рассматривается в порядке, установленном разделом об апелляции; комиссия либо удовлетворяет, либо отклоняет заявление.",процедурный ответ,llm_strict_generation,baseline_dense_test,"Чтобы подать апелляцию на блокирующий элемент контроля, студент должен:

1. Обратиться к академическому руководителю в течение 3 рабочих дней с момента объявления оценки за блокирующий Элемент контроля.
2. Указать конкретные основания для апелляции (оценивание заданий, не соответствующее критериям ПУД; ошибки в формулировках задач и заданий; нарушение преподавателем установленной процедуры; обстоятельства, мешающие объективному оцениванию).
3. Предоставить заявление на имя академического руководителя.

Если данных недостаточно для ответа на конкретный вопрос о том, как подать апелляцию на блокирующий элемент контроля, то в базе знаний нет информации об этом.","[1] Документ: ПОПАТКУС
Раздел: Апелляция
Фрагмент: # Апелляция  
119. Студент имеет право на апелляцию результатов Элементов контроля, объявленных в ПУД блокирующими и (или) экзаменов (включая пересдачи), за исключением случаев, когда результат по вышеуказанным Элементам контроля составляет 8 баллов и выше.  
120. Заявление на апелляцию подается студентом на имя академического руководителя в течение 3 (трех) рабочих дней с момента объявления оценки за блокирующий Элемент контроля и (или) экзамен (включая пересдачи), на результаты которого подается апелляция.  
121. В заявлении должны быть указаны конкретные основания для апелляции. К ним могут относиться:  
1.  оценивание заданий, не соответствующее критериям, установленным в ПУД;  
2.  ошибки в формулировках задач и заданий, допущенные составителями;  
3.  нарушение преподавателем установленной в Университете процедуры проведения Элемента контроля;  
4.  обстоятельства, мешающие преподавателю объективно оценить работу.  
<!-- -->

[2] Документ: ПОПАТКУС
Раздел: Апелляция
Фрагмент: 138. Апелляционная комиссия удовлетворяет либо отклоняет апелляцию, то есть устанавливает наличие или отсутствие нарушения.  
139. В случае удовлетворения заявления, за исключением случая, предусмотренного пунктом 141 Положения, результат проведения блокирующего Элемента контроля или его пересдачи подлежит аннулированию. Студенту в этом случае предоставляется возможность заново сдать блокирующий Элемент контроля или пройти повторную сдачу (пересдачу) в сроки, установленные менеджером образовательной программы, но не позднее 1 (одного) месяца со дня заседания апелляционной комиссии.

[3] Документ: ПОПАТКУС
Раздел: Апелляция
Фрагмент: 140. Если блокирующий Элемент контроля или его пересдача, на результаты которых студент подавал апелляцию, проводились письменно и характер заданий и ответов в письменной работе позволяет по результатам апелляции выставить новую оценку, не проводя повторное испытание, то повторный блокирующий Элемент контроля или его пересдача для студента не проводятся. Апелляционная комиссия оценивает работу в соответствии с критериями, установленными в ПУД. Апелляционная комиссия вправе понизить выставленную ранее оценку, если будет установлено, что она не соответствует содержанию работы или противоречит критериям оценки, установленным в ПУД. Новая оценка выставляется в протоколе заседания апелляционной комиссии с подписью председателя апелляционной комиссии. Решение о возможности выставить оценку, не проводя повторное испытание, принимает апелляционная комиссия большинством голосов, в случае равенства голос председателя апелляционной комиссии является решающим.",,0.0761904761904762,0.6226415094339622,0
4,21,Что считается плагиатом по правилам ВШЭ?,ПВРО 2024,ПРАВА И ОБЯЗАННОСТИ ОБУЧАЮЩИХСЯ,"Плагиатом считается использование чужого текста или иного объекта авторских прав без полной ссылки либо в объеме, ставящем под сомнение самостоятельность работы.",академическая честность,llm_strict_generation,baseline_dense_test,"Плагиатом по правилам ВШЭ признается:

- Дословное изложение чужого текста;
- Парафраз (изложение чужого текста с заменой слов и выражений без изменения содержания заимствованного текста);
- Полное использование иного объекта авторских прав.

Использование чужих источников/текста при подготовке учебных работ не считается плагиатом.","[1] Документ: ПВРО 2024
Раздел: 3. ПРАВА И ОБЯЗАННОСТИ ОБУЧАЮЩИХСЯ
Фрагмент: 3.5.4.3. плагиата. Плагиат определяется как использование в письменной работе чужого текста или иного объекта авторских прав, опубликованного в бумажном или электронном виде, без полной ссылки (то есть без указания имени автора и источника заимствования) или со ссылками, но так, что объем и характер заимствований ставят под сомнение самостоятельность выполненной работы или одного из ее основных разделов. Плагиат может быть реализован в одной из следующих форм:

а) дословное изложение чужого текста;

б) полное использование иного объекта авторских прав;

в) парафраза -- изложение чужого текста с заменой слов и выражений без изменения содержания заимствованного текста.

Дословное изложение чужого текса и парафраз признается плагиатом также в случае перевода текста с иностранного языка. Не считается плагиатом использование чужих источников/текста при подготовке учебных работ по образовательным программам, связанным с издательским делом/дизайном.

[2] Документ: ПОПАТКУС
Раздел: Особенности организации оценивания и зачета результатов по отдельным Элементам обучения
Фрагмент: 103. Студенты имеют право не включать в свой ИУП факультативную Дисциплину «Academic Writing». Студенты, не выбравшие к изучению эту дисциплину, самостоятельно готовят Project Proposal.  
104. Текст Project Proposal проверяется на наличие недопустимых заимствований в установленном в НИУ ВШЭ порядке[^27] и в сроки, определенные академическим руководителем образовательной программы.

[3] Документ: ПВРО 2024
Раздел: ОБЩИЕ ПОЛОЖЕНИЯ
Фрагмент: 2.  К обучающимся, на которых распространяются Правила, относятся учащиеся[^1], студенты, аспиранты, слушатели и другие категории обучающихся университета, включая его филиалы, независимо от их гражданства. Действие Правил распространяется также на лиц, прикрепленных для прохождения промежуточной аттестации, и лиц, прикрепленных для подготовки диссертации на соискание ученой степени кандидата наук без освоения программ подготовки научно-педагогических кадров в аспирантуре, включая филиалы (в той части, в которой Правила распространяются на аспирантов).

    3.  Правила являются локальным нормативным актом университета, регламентирующим права, обязанности и ответственность обучающихся, применяемые к обучающимся меры поощрения и взыскания, а также иные вопросы обеспечения порядка в НИУ ВШЭ.",,0.22950819672131145,0.9642857142857143,0
5,24,Какие меры дисциплинарного взыскания могут применяться к обучающемуся?,ПВРО 2024,ДИСЦИПЛИНАРНАЯ ОТВЕТСТВЕННОСТЬ ОБУЧАЮЩИХСЯ,"К обучающемуся могут применяться замечание, выговор и отчисление.",короткий список,llm_strict_generation,baseline_dense_test,"Меры дисциплинарного взыскания, которые могут применяться к обучающемуся: замечание, выговор, отчисление.","[1] Документ: ПВРО 2024
Раздел: 4. ДИСЦИПЛИНАРНАЯ ОТВЕТСТВЕННОСТЬ ОБУЧАЮЩИХСЯ
Фрагмент: **4. ДИСЦИПЛИНАРНАЯ ОТВЕТСТВЕННОСТЬ ОБУЧАЮЩИХСЯ**

4.1. Дисциплинарным проступком признается неисполнение или нарушение Правил, иных локальных нормативных актов университета, в том числе регламентирующих организацию и осуществление образовательной деятельности.

За совершение дисциплинарного проступка к обучающемуся могут быть применены следующие меры дисциплинарного взыскания:

а) замечание;

б) выговор;

в) отчисление.

4.2. Университет осуществляет выбор конкретной меры дисциплинарного взыскания с учетом требований законодательства об образовании. Меры дисциплинарного взыскания могут быть применены к обучающемуся в любой последовательности (очередности), независимо от того, как они перечислены в пункте 4.1 Правил.

[2] Документ: ПВРО 2024
Раздел: 4. ДИСЦИПЛИНАРНАЯ ОТВЕТСТВЕННОСТЬ ОБУЧАЮЩИХСЯ
Фрагмент: 4.3. За нарушение обязанности, предусмотренной подпунктом 3.5.2 пункта 3.5 Правил, обучающийся может быть отчислен по инициативе университета за невыполнение обязанностей по добросовестному освоению образовательной программы и выполнению учебного плана. Отчисление в этом случае не рассматривается как мера дисциплинарного взыскания и порядок привлечения обучающихся к дисциплинарной ответственности применению не подлежит.

4.4. За каждый дисциплинарный проступок может быть применена одна мера дисциплинарного взыскания.

4.5. Меры дисциплинарного взыскания применяются к обучающимся:

-- непосредственно совершившим дисциплинарный проступок;

-- организовавшим и/или руководившим совершением дисциплинарного проступка, в том числе путем создания и/или руководства неформальным объединением обучающихся, нарушающим требования локальных нормативных актов университета;

-- склонившим других обучающихся к совершению дисциплинарного проступка;

-- содействовавшим совершению дисциплинарного проступка;

[3] Документ: ПОПАТКУС
Раздел: Апелляция
Фрагмент: 149. При выявлении студентов, КУД которых превышает критическое значение (с учетом отнесения студента к отдельной категории и наличия или отсутствия повтора критической ситуации), менеджер образовательной программы анализирует дополнительные показатели, свидетельствующие о добросовестности освоения образовательной программы и выполнения учебного плана, установленные в пункте 9 Положения.  
150. Студент, не выполняющий обязанности по добросовестному освоению образовательной программы и выполнению учебного плана, предусмотренной пунктом 9 Положения, может быть отчислен из НИУ ВШЭ в соответствии с пунктом 2 части 2 статьи 61 Федерального закона от 29.12.2012 № 273-ФЗ «Об образовании в Российской Федерации».",,0.5263157894736842,0.8,0
6,34,Нужно ли показывать студенческий билет или пропуск по требованию охраны?,ПВРО 2024,ПРАВА И ОБЯЗАННОСТИ ОБУЧАЮЩИХСЯ,"Да, при наличии оснований обучающийся обязан предъявить документ, подтверждающий обучение, и (или) электронный пропуск по требованию уполномоченных работников и охраны.",прикладной вопрос,llm_strict_generation,baseline_dense_test,"При проходе в здания университета или нахождении в помещениях университета необходимо иметь при себе документ, подтверждающий обучение в Университете (студенческий билет, удостоверение аспиранта и т.д.) и предъявлять его по требованию охраны.","[1] Документ: ПВРО 2024
Раздел: 3. ПРАВА И ОБЯЗАННОСТИ ОБУЧАЮЩИХСЯ
Фрагмент: 3.5.8. при проходе в здания университета и (или) нахождении в помещениях университета иметь при себе документ, подтверждающий обучение в Университете (студенческий билет, удостоверение аспиранта, ученический билет и т.д.) и (или) электронный пропуск (последний - при наличии), предъявлять любой из документов, дающих право на вход на объекты НИУ ВШЭ в соответствии с Положением о внутриобъектовом и пропускном режиме на объектах НИУ ВШЭ по требованию уполномоченных работников НИУ ВШЭ и работников охраны, в случае наличия у указанных работников обоснованных подозрений в нарушении обучающимся Правил, а равно при наличии оснований, предусмотренных законодательством Российской Федерации, и при условии указания соответствующим работником своей должности, фамилии, имени, отчества; бережно и аккуратно хранить студенческий билет, удостоверение аспиранта, ученический билет, электронный пропуск, не передавать их третьим лицам, и не использовать указанные документы третьих лиц для совершения действий в своих интересах или

[2] Документ: ПВРО 2024
Раздел: 3. ПРАВА И ОБЯЗАННОСТИ ОБУЧАЮЩИХСЯ
Фрагмент: отчества; бережно и аккуратно хранить студенческий билет, удостоверение аспиранта, ученический билет, электронный пропуск, не передавать их третьим лицам, и не использовать указанные документы третьих лиц для совершения действий в своих интересах или интересах третьих лиц;

[3] Документ: ПВРО 2024
Раздел: 6. ПОРЯДОК В ЗДАНИЯХ УНИВЕРСИТЕТА
Фрагмент: 6.4. При входе в здания университета, а также при нахождении в них обучающиеся обязаны использовать средства индивидуальной защиты органов дыхания (маски, респираторы), антисептические средства при посещении мест общего пользования с учетом рекомендаций Главного санитарного врача Российской Федерации, а также соблюдать иные требования, предусмотренные для граждан при посещении ими зданий, строений, сооружений (помещений в них), и установленные законодательством Российской Федерации, в том числе санитарными эпидемиологическими нормами, локальными нормативными актами НИУ ВШЭ, действующие в период режима чрезвычайной ситуации или при возникновении угрозы распространения заболевания, представляющего опасность для окружающих, режима повышенной готовности, либо в период осуществления на соответствующей территории ограничительных мероприятий (карантина).",,0.3076923076923077,0.9473684210526315,0
7,37,Кто является учредителем и собственником имущества университета?,Ustav_01.02.2016-2,I. Общие положения,Учредителем и собственником имущества университета является Российская Федерация.,факт из устава,llm_strict_generation,baseline_dense_test,Учредителем и собственником имущества университета является Российская Федерация.,"[1] Документ: Ustav_01.02.2016-2
Раздел: I. Общие положения
Фрагмент: ## I. Общие положения  
1. Федеральное государственное автономное образовательное учреждение высшего образования ""Национальный исследовательский университет ""Высшая школа экономики"" (далее -университет) является унитарной некоммерческой организацией, созданной для осуществления образовательных, научных, социальных и культурных функций.  
2. Учредителем и собственником имущества университета является Российская Федерация.  
Функции и полномочия учредителя от имени Российской Федерации в отношении университета осуществляет Правительство Российской Федерации.  
Отдельные функции и полномочия учредителя осуществляют Министерство образования и науки Российской Федерации и Федеральное агентство по управлению государственным имуществом в соответствии с разграничениями, установленными настоящим уставом.

[2] Документ: Ustav_01.02.2016-2
Раздел: I. Общие положения
Фрагмент: Отдельные функции и полномочия учредителя осуществляют Министерство образования и науки Российской Федерации и Федеральное агентство по управлению государственным имуществом в соответствии с разграничениями, установленными настоящим уставом.  
Функции и полномочия собственника имущества, переданного университету, от имени Российской Федерации осуществляет Федеральное агентство по управлению государственным имуществом в порядке, установленном законодательством Российской Федерации.  
Контроль за деятельностью университета в соответствии с законодательством Российской Федерации осуществляют Правительство Российской Федерации, Министерство образования и науки Российской  
2  
Федерации и Федеральное агентство по управлению государственным имуществом.  
3. Правительство Российской Федерации осуществляет следующие функции и полномочия учредителя:  
1) утверждение устава университета, а также вносимых в него изменений;

[3] Документ: Ustav_01.02.2016-2
Раздел: VII. Экономика университета
Фрагмент: 111. Университет владеет, пользуется закрепленным за ним имуществом в пределах, установленных законом, в соответствии с целями своей деятельности, назначением имущества и, если иное не установлено законом, распоряжается имуществом с согласия Федерального агентства по управлению государственным имуществом.  
Университет без согласия Федерального агентства по управлению государственным имуществом не вправе распоряжаться недвижимым имуществом (особо ценным движимым имуществом), закрепленным за ним Агентством или приобретенным университетом за счет средств, выделенных ему учредителем на приобретение такого имущества.  
Остальным имуществом, закрепленным за университетом на праве оперативного управления, университет вправе распоряжаться самостоятельно, если иное не установлено законодательством Российской Федерации.",,1.0,1.0,0
8,40,Какие органы управления есть у университета?,Ustav_01.02.2016-2,IV. Организация деятельности и управление университетом,"Органами управления университета являются наблюдательный совет, конференция работников и обучающихся, ученый совет, президиум ученого совета, ректор и попечительский совет.",структурный вопрос,llm_strict_generation,baseline_dense_test,"Органы управления университета: наблюдательный совет университета, конференция работников и обучающихся университета, ученый совет университета, президиум ученого совета, ректор университета и попечительский совет университета.","[1] Документ: Ustav_01.02.2016-2
Раздел: IV. Организация деятельности и управление университетом
Фрагмент: 1) осуществляет текущее руководство деятельностью университета, за исключением вопросов, отнесенных федеральными законами или настоящим уставом к компетенции учредителя, наблюдательного совета и иных органов управления университетом;  
2) действует от имени университета без доверенности, представляет университет в отношениях с органами государственной власти, юридическими и физическими лицами;  
3) ежегодно отчитывается перед ученым советом университета;  
4) принимает решение о создании, переименовании и ликвидации структурных подразделений, за исключением структурных подразделений, создание переименование и ликвидация которых отнесены к компетенции ученого совета университета;  
5) утверждает положения о структурных подразделениях (кроме структурных подразделений, утверждение положений о которых отнесено к компетенции ученого совета университета);  
6) утверждает структуру и штатное расписание университета, включая структуру и штатное расписание филиалов и представительств;

[2] Документ: Ustav_01.02.2016-2
Раздел: IV. Организация деятельности и управление университетом
Фрагмент: 40. Органами управления университета являются наблюдательный совет университета, конференция работников и обучающихся университета, ученый совет университета, президиум ученого совета, ректор университета и попечительский совет университета.  
41. В университете создается наблюдательный совет, который является коллегиальным органом управления университета. Численность членов наблюдательного совета университета устанавливается Правительством Российской Федерации.  
В состав наблюдательного совета университета входят представители Правительства Российской Федерации, Федерального агентства по управлению государственным имуществом и общественности, в том числе лица, имеющие заслуги и достижения в соответствующей сфере деятельности.

[3] Документ: Ustav_01.02.2016-2
Раздел: IV. Организация деятельности и управление университетом
Фрагмент: 2) определение основных перспективных направлений развития университета, включая его образовательную и научную деятельность;  
3) нормативное регулирование основных вопросов организации образовательной деятельности, в том числе установление правил приема обучающихся, форм, периодичности и порядка текущего контроля успеваемости и промежуточной аттестации обучающихся, порядка и оснований перевода, отчисления и восстановления обучающихся, порядка оформления возникновения, приостановления и прекращения отношений между университетом и обучающимися;  
4) утверждение образовательных стандартов, устанавливаемых университетом самостоятельно;  
5) рассмотрение проекта плана финансово-хозяйственной деятельности университета;  
6) заслушивание ежегодных отчетов ректора университета и (или) отчетов о реализации программы развития; и",,0.8095238095238095,0.9285714285714286,0
9,42,На какой срок формируется наблюдательный совет?,Ustav_01.02.2016-2,IV. Организация деятельности и управление университетом,Срок полномочий наблюдательного совета университета составляет 5 лет.,короткий факт,llm_strict_generation,baseline_dense_test,Срок полномочий наблюдательного совета составляет 5 лет.,"[1] Документ: Ustav_01.02.2016-2
Раздел: IV. Организация деятельности и управление университетом
Фрагмент: В состав наблюдательного совета университета могут входить представители иных государственных органов, органов местного самоуправления и работников университета. Количество представителей государственных органов и органов местного самоуправления в составе наблюдательного совета университета не должно превышать одну треть общего числа членов наблюдательного совета университета. Не менее половины из числа представителей государственных органов и органов местного самоуправления составляют представители Правительства Российской Федерации.  
Количество представителей работников университета не может превышать одну треть общего числа членов наблюдательного совета.  
Срок полномочий наблюдательного совета университета составляет 5 лет.

[2] Документ: Ustav_01.02.2016-2
Раздел: IV. Организация деятельности и управление университетом
Фрагмент: Количество представителей работников университета не может превышать одну треть общего числа членов наблюдательного совета.  
Срок полномочий наблюдательного совета университета составляет 5 лет.  
42. Решение о назначении членов наблюдательного совета или досрочном прекращении их полномочий принимается Правительством Российской Федерации в соответствии с законодательством Российской Федерации. Университет представляет Правительству Российской Федерации кандидатуры представителей работников университета, одобренные ученым советом университета, для утверждения их членами наблюдательного совета, а также предложение о досрочном прекращении полномочий членов наблюдательного совета, являющихся представителями работников университета.  
43. Полномочия члена наблюдательного совета могут быть прекращены досрочно в следующих случаях:  
1) просьба члена наблюдательного совета;

[3] Документ: Ustav_01.02.2016-2
Раздел: IV. Организация деятельности и управление университетом
Фрагмент: 45. Председатель наблюдательного совета избирается на срок полномочий наблюдательного совета членами наблюдательного совета из их числа простым большинством голосов от общего числа голосов членов наблюдательного совета.  
Представитель работников университета не может быть избран председателем наблюдательного совета.  
46. Наблюдательный совет университета рассматривает:  
1) предложения Правительства Российской Федерации или ректора университета о внесении изменений в устав университета;  
2) предложения Министерства образования и науки Российской Федерации или ректора университета о создании и ликвидации филиалов университета, а также об открытии и о закрытии его представительств;  
3) предложения Правительства Российской Федерации или ректора университета о реорганизации университета или его ликвидации;  
4) предложения Федерального агентства по управлению государственным имуществом или ректора университета об изъятии имущества, закрепленного за университетом на праве оперативного управления;",,0.9333333333333333,1.0,0
10,52,Из каких источников формируется имущество университета?,Ustav_01.02.2016-2,VII. Экономика университета,"Имущество формируется из федеральной собственности, имущества, приобретенного за счет средств учредителя, имущества от приносящей доход деятельности и иных законных оснований.",перечень,llm_strict_generation,baseline_dense_test,"Источниками формирования имущества университета являются:

1) имущество, находящееся в федеральной собственности, закрепленное за университетом на праве оперативного управления;
2) имущество, приобретенное университетом за счет средств, выделенных ему учредителем на приобретение такого имущества;
3) имущество, приобретенное университетом за счет средств от приносящей доход деятельности;
4) имущество, полученное университетом по иным основаниям, предусмотренным законодательством Российской Федерации.

(Источник: Документ: Ustav_01.02.2016-2, Раздел: VII. Экономика университета, Фрагмент: 108.)","[1] Документ: Ustav_01.02.2016-2
Раздел: VII. Экономика университета
Фрагмент: 108. Источниками формирования имущества университета являются:  
1) имущество, находящееся в федеральной собственности, закрепленное за университетом на праве оперативного управления;  
2) имущество, приобретенное университетом за счет средств, выделенных ему учредителем на приобретение такого имущества;  
3) имущество, приобретенное университетом за счет средств от приносящей доход деятельности;  
4) имущество, полученное университетом по иным основаниям, предусмотренным законодательством Российской Федерации.  
109. Финансовое обеспечение деятельности университета осуществляется за счет:  
1) субсидии, предоставляемой из федерального бюджета на финансовое обеспечение выполнения государственного задания, с учетом расходов на содержание недвижимого имущества и особо ценного движимого имущества, закрепленного за университетом на праве оперативного управления или приобретенного университетом за счет

[2] Документ: Ustav_01.02.2016-2
Раздел: VII. Экономика университета
Фрагмент: 105. Университет обязан использовать имущество, находящееся у него на праве оперативного управления, в соответствии с целями своей деятельности и назначением этого имущества, обеспечивая его сохранность и эффективное использование.  
106. Университет отвечает по своим обязательствам всем находящимся у него на праве оперативного управления имуществом, за исключением недвижимого имущества и особо ценного движимого имущества, закрепленного за университетом Федеральным агентством по управлению государственным имуществом или приобретенного университетом за счет средств, выделенных ему учредителем на приобретение этого имущества.  
107. По обязательствам университета, связанным с причинением вреда гражданам, при недостаточности имущества университета, на которое в соответствии с пунктом 106 настоящего устава может быть обращено взыскание, субсидиарную ответственность несет собственник имущества университета.  
108. Источниками формирования имущества университета являются:

[3] Документ: Ustav_01.02.2016-2
Раздел: VII. Экономика университета
Фрагмент: средств, выделенных ему учредителем на приобретение такого имущества, а также с учетом расходов на уплату налогов, в качестве объекта налогообложения по которым признается соответствующее имущество, в том числе земельные участки;  
2) субсидии, предоставляемой из федерального бюджета на иные цели, предусмотренные законодательством Российской Федерации;  
3) субсидии на осуществление капитальных вложений;  
4) грантов в форме субсидий, предоставляемых из федерального бюджета;  
5) средств, получаемых от приносящей доход деятельности университета;  
6) доходов, получаемых от использования прав на результаты интеллектуальной деятельности и средств индивидуализации, включая вознаграждение по лицензионным договорам, в соответствии с законодательством Российской Федерации;  
7) грантов, предоставленных на безвозмездной основе физическими и юридическими лицами;  
8) средств, безвозмездно полученных на ведение уставной деятельности от физических и юридических лиц;",,0.2528735632183908,0.975609756097561,0
11,53,За счет чего финансируется деятельность университета?,Ustav_01.02.2016-2,VII. Экономика университета,"Финансирование деятельности университета осуществляется за счет субсидий из федерального бюджета, грантов, доходов от приносящей доход деятельности и иных предусмотренных источников.",перечень источников,llm_strict_generation,baseline_dense_test,Финансовое обеспечение деятельности университета осуществляется за счет субсидии из федерального бюджета и средств от приносящей доход деятельности.,"[1] Документ: Ustav_01.02.2016-2
Раздел: VII. Экономика университета
Фрагмент: Стоимость обучения по дополнительным общеобразовательным и дополнительным профессиональным программам, а также размер платы за оказание дополнительных образовательных услуг, оказываемых университетом, устанавливается ректором университета в соответствии с утвержденным планом финансово-хозяйственной деятельности.  
123. Университет ведет бухгалтерский учет в соответствии с Федеральным законом ""О бухгалтерском учете"" и иными нормативными правовыми актами в области бухгалтерского учета, представляет статистическую и бухгалтерскую (финансовую) отчетность в порядке, установленном законодательством Российской Федерации.  
124. Решение о проведении аудита годовой бухгалтерской отчетности университета и утверждении аудиторской организации принимает наблюдательный совет университета.  
125. Ежегодно университет опубликовывает отчеты о своей деятельности и об использовании закрепленного за ним имущества в установленном порядке.

[2] Документ: Ustav_01.02.2016-2
Раздел: VII. Экономика университета
Фрагмент: 12) публиковать результаты научных исследований и разработок самостоятельно, а также с привлечением иных партнеров;  
13) осуществлять иные права, предусмотренные законодательством Российской Федерации.  
121. Доходы, полученные университетом от приносящей доход деятельности, поступают в его самостоятельное распоряжение и используются им в соответствии с законодательством Российской Федерации для достижения целей, ради которых он создан, в соответствии с утвержденным в установленном порядке планом финансовохозяйственной деятельности. и B  
122. Стоимость обучения по основным общеобразовательным программам, образовательным программам среднего профессионального и высшего образования устанавливается ректором университета на основании решения ученого совета университета в соответствии с утвержденным планом финансово-хозяйственной деятельности.

[3] Документ: Ustav_01.02.2016-2
Раздел: VII. Экономика университета
Фрагмент: 108. Источниками формирования имущества университета являются:  
1) имущество, находящееся в федеральной собственности, закрепленное за университетом на праве оперативного управления;  
2) имущество, приобретенное университетом за счет средств, выделенных ему учредителем на приобретение такого имущества;  
3) имущество, приобретенное университетом за счет средств от приносящей доход деятельности;  
4) имущество, полученное университетом по иным основаниям, предусмотренным законодательством Российской Федерации.  
109. Финансовое обеспечение деятельности университета осуществляется за счет:  
1) субсидии, предоставляемой из федерального бюджета на финансовое обеспечение выполнения государственного задания, с учетом расходов на содержание недвижимого имущества и особо ценного движимого имущества, закрепленного за университетом на праве оперативного управления или приобретенного университетом за счет",,0.6486486486486486,1.0,0
12,18,Что такое КУД?,ПОПАТКУС,Заключительные положения,"КУД — это показатель качества учебной деятельности, по которому после сессий и периодов пересдач принимаются решения о возможности продолжения обучения на текущих условиях.",специальный термин,llm_strict_generation,baseline_dense_test,"КУД (Критическое Уровень Дисциплинарности) — это критерий оценки студента по дисциплинам, определяемый менеджером образовательной программы на основе количества неудовлетворительных оценок и/или неявок без уважительных причин.","[1] Документ: ПОПАТКУС
Раздел: Апелляция
Фрагмент: 146. КУД определяется менеджером образовательной программы в отношении каждого студента образовательной программы. Для КУД устанавливается критическое значение. Критическое значение КУД для студентов, не относящихся к отдельным категориям, равно 2 (двум) (обычный КУД). Критическое значение КУД для студентов, относящихся к отдельным категориям, равно 5 (пяти), при условии, если превышение обычного КУД в отношении студента зафиксировано в первый раз. При последующих определениях КУД по отношению к студенту из отдельной категории для принятия решений об условиях продолжения обучения применяется обычный КУД.

[2] Документ: ПОПАТКУС
Раздел: Апелляция
Фрагмент: 147. В течение 10 (десяти) рабочих дней после завершения сессии или периода пересдач менеджер образовательной программы рассчитывает КУД как количество неудовлетворительных оценок по промежуточным аттестациям (включая независимые экзамены, внешние оценки) без уважительных причин и (или) по причине неявок без уважительных причин. Расчет производится с помощью инструментов и данных УИС. Перед расчетом менеджер образовательной программы обязан убедиться в полноте и корректности данных об оценках, неявках, уважительных причинах, имеющихся у студента.  
Если обучающийся относится к отдельной категории, установленной Положением, то при первом получении академических задолженностей в количестве не более пяти, причины их набора обучающимся считаются уважительными, в связи с чем менеджер программы не фиксирует в порядке, предусмотренном Положением, недобросовестного освоения образовательной программы.

[3] Документ: ПОПАТКУС
Раздел: Апелляция
Фрагмент: 148. КУД определяется по следующим правилам, учитывающим особенности изучения Дисциплин или проведения независимых экзаменов и внешних оценок:  
1.  две неудовлетворительные оценки по итогам промежуточных аттестаций в рамках одной Дисциплины в ходе 2 (двух) сессий между периодами пересдач учитываются как 1 (одна) неудовлетворительная оценка;  
2.  неудовлетворительная оценка по итогам промежуточной аттестации, полученная по Дисциплине, включенной в ИУП, но выбранной студентом сверх нормативного объема, предлагаемого учебным планом, в том числе по факультативной Дисциплине, учитывается наравне с другими неудовлетворительными оценками;  
3.  неудовлетворительная оценка, полученная по общеуниверситетскому факультативу, не учитывается в общем количестве неудовлетворительных оценок;  
4.  неявка на мероприятие обязательной внешней оценки учитывается в КУД как отдельное слагаемое;  
5.  количество неудовлетворительных оценок по независимым экзаменам определяется в соответствии с пунктами 93, 94, 102 Положения;",,0.1702127659574468,0.65,0
13,26,Что запрещено на территории университета?,ПВРО 2024,ПОРЯДОК В ЗДАНИЯХ УНИВЕРСИТЕТА,"На территории университета запрещаются действия, перечисленные в правилах внутреннего распорядка, нарушающие общественный порядок, требования безопасности и установленные ограничения.",обобщенный ответ,llm_strict_generation,baseline_dense_test,"Запрещено:

- Появление в состоянии алкогольного, наркотического или токсического опьянения.
- Потребление табака и использование устройств для потребления никотинсодержащей и/или безникотиновой продукции.
- Хранение, приобретение, употребление и распространение наркотических средств и психотропных веществ.
- Хранение, распространение и использование взрывчатых и огнеопасных веществ, пиротехнических средств.
- Вывешивание объявлений, нанесение надписей вне отведенных для этого мест без соответствующего разрешения администрации университета.
- Использование выделенных для обучения аудиторий и оборудования в личных целях.
- Незаконное употребление наркотических средств, психотропных веществ, их прекурсоров или аналогов.
- Использование наименования, символики, товарных знаков (знаков обслуживания), коммерческих обозначений НИУ ВШЭ без разрешения уполномоченных органов (должностных лиц) университета.
- Выступление публично и заявления от имени университета (структурного подразделения университета, должностного лица университета), представление в публичном пространстве своей личной позиции или позиции группы работников и/или обучающихся как совокупную позицию НИУ ВШЭ.","[1] Документ: ПВРО 2024
Раздел: 6. ПОРЯДОК В ЗДАНИЯХ УНИВЕРСИТЕТА
Фрагмент: 6.3.7. вывешивание объявлений, нанесение надписей вне отведенных для этого мест без соответствующего разрешения администрации университета;

6.3.8. использование выделенных для обучения аудиторий и оборудования в личных целях;

6.3.9. вынос из зданий университета имущества, предметов или материалов, принадлежащих университету, а также внос в здание громоздких предметов без получения на то соответствующего разрешения администрации университета.

[2] Документ: ПВРО 2024
Раздел: 6. ПОРЯДОК В ЗДАНИЯХ УНИВЕРСИТЕТА
Фрагмент: 6.2. Находясь в зданиях университета, обучающиеся обязаны соблюдать общепринятые нормы поведения в общественных местах и использовать помещения университета по назначению.

6.3.1. появление в состоянии алкогольного, наркотического или токсического опьянения;

6.3.2. потребление табака и использование устройств для потребления никотинсодержащей и/или безникотиновой продукции, в том числе электронных систем доставки никотина и устройств для нагревания табака, а также их составных частей и элементов;

6.3.5. хранение, приобретение, употребление и распространение наркотических средств и психотропных веществ, их прекурсоров и аналогов и других одурманивающих веществ;

6.3.6. хранение, распространение и использование взрывчатых и огнеопасных веществ, пиротехнических средств;

6.3.7. вывешивание объявлений, нанесение надписей вне отведенных для этого мест без соответствующего разрешения администрации университета;

6.3.8. использование выделенных для обучения аудиторий и оборудования в личных целях;

[3] Документ: ПВРО 2024
Раздел: 3. ПРАВА И ОБЯЗАННОСТИ ОБУЧАЮЩИХСЯ
Фрагмент: 3.5.17. не осуществлять незаконное употребление, а также приобретение, хранение, перевозку, изготовление, переработку наркотических средств, психотропных веществ, их прекурсоров или аналогов;

3.5.18. не допускать использования наименования, символики, товарных знаков (знаков обслуживания), коммерческих обозначений НИУ ВШЭ без разрешения уполномоченных органов (должностных лиц) университета, в т.ч. в коммерческих и (или) политических целях;

3.5.19. не выступать публично и не делать заявления от имени университета (структурного подразделения университета, должностного лица университета), не представлять в публичном пространстве свою личную позицию или позицию группы работников и/или обучающихся как совокупную позицию НИУ ВШЭ, его структурных подразделений либо работников и/или обучающихся НИУ ВШЭ либо его структурных подразделений в целом;",,0.04195804195804196,0.925,0
14,46,Кто утверждает устав университета и изменения к нему?,Ustav_01.02.2016-2,I. Общие положения,Устав университета и вносимые в него изменения утверждает Правительство Российской Федерации.,факт из полномочий учредителя,llm_strict_generation,baseline_dense_test,Ректор утверждает устав университета и изменения к нему (пункт 6 Раздела IV).,"[1] Документ: Ustav_01.02.2016-2
Раздел: IV. Организация деятельности и управление университетом
Фрагмент: 1) осуществляет текущее руководство деятельностью университета, за исключением вопросов, отнесенных федеральными законами или настоящим уставом к компетенции учредителя, наблюдательного совета и иных органов управления университетом;  
2) действует от имени университета без доверенности, представляет университет в отношениях с органами государственной власти, юридическими и физическими лицами;  
3) ежегодно отчитывается перед ученым советом университета;  
4) принимает решение о создании, переименовании и ликвидации структурных подразделений, за исключением структурных подразделений, создание переименование и ликвидация которых отнесены к компетенции ученого совета университета;  
5) утверждает положения о структурных подразделениях (кроме структурных подразделений, утверждение положений о которых отнесено к компетенции ученого совета университета);  
6) утверждает структуру и штатное расписание университета, включая структуру и штатное расписание филиалов и представительств;

[2] Документ: Ustav_01.02.2016-2
Раздел: IV. Организация деятельности и управление университетом
Фрагмент: о создании, переименовании и ликвидации на базе иных организаций, осуществляющих деятельность по профилю соответствующей образовательной программы, кафедр и иных структурных подразделений, обеспечивающих практическую подготовку обучающихся; и  
13) если иное не предусмотрено настоящим уставом, утверждение положений:  
об образовательных и научно-исследовательских подразделениях;  
о кафедрах и других структурных подразделениях, обеспечивающих практическую подготовку обучающихся, создаваемых на базе иных организаций, осуществляющих деятельность по профилю соответствующей образовательной программы;  
о кафедрах, осуществляющих образовательную деятельность, создаваемых в научных организациях и иных организациях, осуществляющих научную (научно-исследовательскую) и (или) научнотехническую деятельность;  
о филиалах и представительствах;  
14) рассмотрение отчетов руководителей структурных подразделений университета;

[3] Документ: Ustav_01.02.2016-2
Раздел: IV. Организация деятельности и управление университетом
Фрагмент: 25) принятие локальных нормативных актов по вопросам, отнесенным к компетенции ученого совета университета, в порядке, установленном настоящим уставом.  
58. По решению ректора университета ученый совет рассматривает программу развития университета.  
59. Процедура принятия решений по вопросам, отнесенным к компетенции ученого совета университета и не урегулированным законодательством Российской Федерации и настоящим уставом, определяется ученым советом университета самостоятельно.  
60. По решению ученого совета университета из числа его членов может создаваться президиум ученого совета университета, являющийся коллегиальным органом управления университета. Порядок создания президиума и порядок его работы, а также количественный и персональный состав определяются ученым советом университета. Ученый совет университета вправе делегировать осуществление своих полномочий президиуму ученого совета университета в части, не противоречащей законодательству Российской Федерации. и",,0.34782608695652173,0.25,0
15,54,Какие основные категории работников есть в университете?,Ustav_01.02.2016-2,VIII. Работники университета,Работники университета делятся на основной персонал и прочий персонал; к основному относятся научно-педагогические и другие профильные категории работников.,ответ с классификацией,llm_strict_generation,baseline_dense_test,"В университете предусмотрены две основные категории работников: 

1) Основной персонал (работники, выполняющие трудовые обязанности, связанные с реализацией деятельности университета);
2) Прочий персонал (работники, занимающие вспомогательные должности).","[1] Документ: Ustav_01.02.2016-2
Раздел: VIII. Работники университета
Фрагмент: ## VIII. Работники университета  
128. В университете предусматриваются следующие категории работников:  
1) основной персонал, к которому относятся работники, выполнение трудовых обязанностей которых непосредственно связано с реализацией университетом деятельности, направленной на достижение целей его создания, в том числе:  
а) руководство университета;  
б) научно-педагогические работники, а именно:  
педагогические работники, относящиеся к профессорскопреподавательскому составу;  
научные работники (включая руководителей научных (научноисследовательских), научно-образовательных структурных подразделений и их заместителей);  
в) педагогические работники;  
г) экспертно-аналитический персонал (работники, занимающие должности экспертов и аналитиков в научных (научно-исследовательских), научно-образовательных структурных подразделениях);

[2] Документ: Ustav_01.02.2016-2
Раздел: VIII. Работники университета
Фрагмент: в) педагогические работники;  
г) экспертно-аналитический персонал (работники, занимающие должности экспертов и аналитиков в научных (научно-исследовательских), научно-образовательных структурных подразделениях);  
2) прочий персонал, к которому относятся работники, занимающие должности инженерно-технических, административно-хозяйственных, производственных, учебно-вспомогательных, медицинских и иных работников, осуществляющих вспомогательные функции.  
129. Работники университета участвуют в управлении университетом в форме участия в его органах управления.  
130. Работники университета обеспечивают размещение информации о своих достижениях, связанных с осуществлением образовательной, научной и иных видов деятельности в университете, на сайте в порядке, установленном локальными нормативными актами университета.

[3] Документ: Ustav_01.02.2016-2
Раздел: IV. Организация деятельности и управление университетом
Фрагмент: 10) устанавливает размер и сроки выплат заработной платы работникам университета;  
11) определяет трудовые обязанности, полномочия и ответственность проректоров и других должностных лиц университета;  
12) в соответствии с трудовым законодательством Российской Федерации принимает на работу, увольняет работников университета, заключает трудовые договоры и осуществляет иные права работодателя;  
13) организует работу структурных подразделений университета;  
14) принимает решения о поощрении работников университета и наложении на них дисциплинарных взысканий;  
15) совершает от имени университета любые сделки и иные юридические действия в порядке, предусмотренном законодательством Российской Федерации и настоящим уставом;  
16) утверждает ежегодные планы научно-исследовательских работ, экспериментальных разработок, опытно-конструкторских и технологических работ, осуществляемых за счет средств от приносящей доход деятельности; и  
17) ежегодно определяет и устанавливает объемы учебной нагрузки;",,0.17777777777777778,0.75,0
1,1,Что такое промежуточная аттестация?,ПОПАТКУС,Общие положения,Промежуточная аттестация предназначена для оценивания промежуточных или окончательных результатов обучения по дисциплине.,короткий definitional вопрос,llm_cited_generation,baseline_dense_test,"Промежуточная аттестация предназначена для оценивания промежуточных результатов обучения по Дисциплине, если она изучается несколько учебных периодов и не завершена. [Источник: ПОПАТКУС | Общие положения].

Оценка по промежуточной аттестации рассчитывается с помощью формулы (правил), учитывающей каждую из оценок по Элементам контроля, которая фиксируется в ПУД. [Источник: ПОПАТКУС | Характеристика системы оценивания и принципов расчета оценок].

Результаты промежуточной аттестации учитываются путем зачета результатов промежуточной аттестации, полученных в другой образовательной организации. [Источник: ПОПАТКУС | Особенности организации оценивания и зачета результатов по отдельным Элементам обучения].","[1] Документ: ПОПАТКУС
Раздел: Характеристика системы оценивания и принципов расчета оценок
Фрагмент: 17. Оценка по промежуточной аттестации рассчитывается с помощью формулы (правила), учитывающей (учитывающего) каждую из оценок по Элементам контроля. Формула расчета (правило определения) оценки по промежуточной аттестации в обязательном порядке фиксируется в ПУД. При выставлении оценки по промежуточной аттестации применяются одинаковые правила при любой попытке сдачи Элемента контроля.

[2] Документ: ПОПАТКУС
Раздел: Общие положения
Фрагмент: 3.  Государственная итоговая аттестация студентов организуется в соответствии с локальным нормативным актом Университета, регулирующим организацию и проведение государственной итоговой аттестации в Университете.  
4.  Текущий контроль предназначен для регулярного и систематического оценивания хода освоения студентами Дисциплины во время контактных занятий преподавателя со студентами, включая занятия, организуемые с использованием дистанционных технологий, и по итогам самостоятельной работы студентов. Текущий контроль предусматривает несколько Элементов контроля, каждый из которых оценивается по правилам, определенным в ПУД.  
5.  Промежуточная аттестация предназначена для оценивания:  
1.  промежуточных результатов обучения по Дисциплине -- если Дисциплина изучается несколько учебных периодов, при этом изучение Дисциплины не завершено, и учебный план образовательной программы, включающей данную Дисциплину, предусматривает проведение нескольких промежуточных аттестаций;

[3] Документ: ПОПАТКУС
Раздел: Особенности организации оценивания и зачета результатов по отдельным Элементам обучения
Фрагмент: 1.  **Дисциплины, изученные в других образовательных организациях высшего образования во время академической мобильности, не связанной с сетевой формой реализации образовательных программ**  
117. Результаты промежуточной аттестации студентов, участвующих в программах двустороннего и многостороннего обмена, освоивших часть образовательной программы в другой образовательной организации, в том числе зарубежной, учитываются путем зачета результатов промежуточной аттестации, полученных ими в другой образовательной организации в соответствии с локальными нормативными актами НИУ ВШЭ.  
118. Оценки по промежуточной аттестации определяются в таких случаях индивидуально для каждого студента в установленном в НИУ ВШЭ порядке[^30].",,0.2222222222222222,0.9130434782608695,1
2,5,Можно ли пересдать неудовлетворительную оценку по дисциплине?,ПОПАТКУС,Организация сессии и оформление результатов промежуточной аттестации,"Неудовлетворительную оценку можно пересдать в порядке, установленном положением, в предусмотренные для этого сроки и периоды пересдач.",вопрос про процедуру,llm_cited_generation,baseline_dense_test,"Да, можно пересдать неудовлетворительную оценку по дисциплине. Для этого необходимо пройти первую и вторую пересдачу экзамена.

Первая пересдача может проводиться в дистанционном формате, а также с использованием прокторинга или платформы тестирования [Источник: ПОПАТКУС | Апелляция].

Вторая пересдача также может проводиться в дистанционном формате и принимается комиссией из не менее 3 человек [Источник: ПОПАТКУС | Апелляция].","[1] Документ: ПОПАТКУС
Раздел: Апелляция
Фрагмент: 161. Процедура первой пересдачи по Дисциплине, предусматривающей экзамен, должна соответствовать процедуре сдачи экзамена, при этом формат проведения может отличаться. Если это зафиксировано в ПУД, то первая пересдача может отличаться технологией и форматом проведения (использование прокторинга, платформа тестирования и т.д.). Допускается дистанционная организация, в том числе для экзаменов, проведенных очно в учебных аудиториях. Пересдаче подлежит только неудовлетворительная оценка, полученная на экзамене. Накопленная оценка по иным Элементам контроля не подлежит изменению.  
162. Если по Дисциплине предусмотрены Элементы контроля, не подлежащие пересдаче, то при отсутствии оценок по ним у студента для расчета оценки по промежуточной аттестации они учитываются как «0».

[2] Документ: ПОПАТКУС
Раздел: Апелляция
Фрагмент: 164. Вторая пересдача результатов промежуточной аттестации (далее -- вторая пересдача) может проводиться в том числе в дистанционном формате и принимается комиссией в составе не менее 3 (трех) человек.  
165. Второй пересдаче подлежит только неудовлетворительная оценка по первой пересдаче экзамена для Дисциплин, предусматривающих экзамен. Накопленная оценка по иным Элементам контроля не подлежит изменению.  
166. Для Дисциплин, в которых экзамен не предусмотрен, второй пересдаче подлежит неудовлетворительная оценка, полученная во время первой пересдачи по КИМам для пересдач. Оценки по Элементам контроля, повторить которые невозможно, не подлежат изменению.

[3] Документ: ПОПАТКУС
Раздел: Апелляция
Фрагмент: 2.  ошибки в формулировках задач и заданий, допущенные составителями;  
3.  нарушение преподавателем установленной в Университете процедуры проведения Элемента контроля;  
4.  обстоятельства, мешающие преподавателю объективно оценить работу.  
<!-- -->  
124. Неудовлетворенность студента полученной оценкой не может быть основанием для апелляции.  
125. Результаты второй пересдачи экзамена подлежат апелляции только по основанию, предусмотренному в подпункте 124.3 пункта 124 Положения.  
126. В заявлении, поданном по основанию, предусмотренному подпунктом 124.1 пункта 124 Положения, может содержаться просьба переоценить все или некоторые части Элемента контроля. В этом случае студент должен указать, какой балл ему должен быть выставлен за все или некоторые части Элемента контроля.  
127. В заявлении, поданном по основанию, предусмотренному подпунктом 124.2 пункта 124 Положения, должны быть перечислены ошибки в заданиях.",,0.14492753623188406,0.5483870967741935,1
3,7,Как подать апелляцию на блокирующий элемент контроля?,ПОПАТКУС,Апелляция,"Апелляция по блокирующему элементу контроля подается и рассматривается в порядке, установленном разделом об апелляции; комиссия либо удовлетворяет, либо отклоняет заявление.",процедурный ответ,llm_cited_generation,baseline_dense_test,"Чтобы подать апелляцию на блокирующий элемент контроля, студент должен:

1. Обратиться к академическому руководителю в течение 3 рабочих дней с момента объявления оценки за блокирующий Элемент контроля [Источник: ПОПАТКУС | Апелляция].
2. Указать конкретные основания для апелляции, которые могут включать оценивание заданий не по критериям ПУД, ошибки в формулировках задач и заданий, нарушение процедуры проведения Элемента контроля или обстоятельства, мешающие преподавателю объективно оценить работу [Источник: ПОПАТКУС | Апелляция].

Апелляционная комиссия удовлетворяет либо отклоняет апелляцию и устанавливает наличие или отсутствие нарушения. В случае удовлетворения заявления результат проведения блокирующего Элемента контроля подлежит аннулированию, а студенту предоставляется возможность заново сдать блокирующий Элемент контроля [Источник: ПОПАТКУС | Апелляция].

Если апелляционная комиссия решает выставить новую оценку без повторного испытания, она оценивает работу в соответствии с критериями ПУД и может понизить ранее выставленную оценку [Источник: ПОПАТКУС | Апелляция].","[1] Документ: ПОПАТКУС
Раздел: Апелляция
Фрагмент: # Апелляция  
119. Студент имеет право на апелляцию результатов Элементов контроля, объявленных в ПУД блокирующими и (или) экзаменов (включая пересдачи), за исключением случаев, когда результат по вышеуказанным Элементам контроля составляет 8 баллов и выше.  
120. Заявление на апелляцию подается студентом на имя академического руководителя в течение 3 (трех) рабочих дней с момента объявления оценки за блокирующий Элемент контроля и (или) экзамен (включая пересдачи), на результаты которого подается апелляция.  
121. В заявлении должны быть указаны конкретные основания для апелляции. К ним могут относиться:  
1.  оценивание заданий, не соответствующее критериям, установленным в ПУД;  
2.  ошибки в формулировках задач и заданий, допущенные составителями;  
3.  нарушение преподавателем установленной в Университете процедуры проведения Элемента контроля;  
4.  обстоятельства, мешающие преподавателю объективно оценить работу.  
<!-- -->

[2] Документ: ПОПАТКУС
Раздел: Апелляция
Фрагмент: 138. Апелляционная комиссия удовлетворяет либо отклоняет апелляцию, то есть устанавливает наличие или отсутствие нарушения.  
139. В случае удовлетворения заявления, за исключением случая, предусмотренного пунктом 141 Положения, результат проведения блокирующего Элемента контроля или его пересдачи подлежит аннулированию. Студенту в этом случае предоставляется возможность заново сдать блокирующий Элемент контроля или пройти повторную сдачу (пересдачу) в сроки, установленные менеджером образовательной программы, но не позднее 1 (одного) месяца со дня заседания апелляционной комиссии.

[3] Документ: ПОПАТКУС
Раздел: Апелляция
Фрагмент: 140. Если блокирующий Элемент контроля или его пересдача, на результаты которых студент подавал апелляцию, проводились письменно и характер заданий и ответов в письменной работе позволяет по результатам апелляции выставить новую оценку, не проводя повторное испытание, то повторный блокирующий Элемент контроля или его пересдача для студента не проводятся. Апелляционная комиссия оценивает работу в соответствии с критериями, установленными в ПУД. Апелляционная комиссия вправе понизить выставленную ранее оценку, если будет установлено, что она не соответствует содержанию работы или противоречит критериям оценки, установленным в ПУД. Новая оценка выставляется в протоколе заседания апелляционной комиссии с подписью председателя апелляционной комиссии. Решение о возможности выставить оценку, не проводя повторное испытание, принимает апелляционная комиссия большинством голосов, в случае равенства голос председателя апелляционной комиссии является решающим.",,0.09459459459459459,0.810126582278481,1
4,21,Что считается плагиатом по правилам ВШЭ?,ПВРО 2024,ПРАВА И ОБЯЗАННОСТИ ОБУЧАЮЩИХСЯ,"Плагиатом считается использование чужого текста или иного объекта авторских прав без полной ссылки либо в объеме, ставящем под сомнение самостоятельность работы.",академическая честность,llm_cited_generation,baseline_dense_test,"Плагиатом признается:

- Дословное изложение чужого текста (Источник: ПВРО 2024 | 3.5.4.3).
- Парафраз — изложение чужого текста с заменой слов и выражений без изменения содержания заимствованного текста (Источник: ПВРО 2024 | 3.5.4.3).

Также плагиатом признается перевод чужого текста с иностранного языка (Источник: ПВРО 2024 | 3.5.4.3).","[1] Документ: ПВРО 2024
Раздел: 3. ПРАВА И ОБЯЗАННОСТИ ОБУЧАЮЩИХСЯ
Фрагмент: 3.5.4.3. плагиата. Плагиат определяется как использование в письменной работе чужого текста или иного объекта авторских прав, опубликованного в бумажном или электронном виде, без полной ссылки (то есть без указания имени автора и источника заимствования) или со ссылками, но так, что объем и характер заимствований ставят под сомнение самостоятельность выполненной работы или одного из ее основных разделов. Плагиат может быть реализован в одной из следующих форм:

а) дословное изложение чужого текста;

б) полное использование иного объекта авторских прав;

в) парафраза -- изложение чужого текста с заменой слов и выражений без изменения содержания заимствованного текста.

Дословное изложение чужого текса и парафраз признается плагиатом также в случае перевода текста с иностранного языка. Не считается плагиатом использование чужих источников/текста при подготовке учебных работ по образовательным программам, связанным с издательским делом/дизайном.

[2] Документ: ПОПАТКУС
Раздел: Особенности организации оценивания и зачета результатов по отдельным Элементам обучения
Фрагмент: 103. Студенты имеют право не включать в свой ИУП факультативную Дисциплину «Academic Writing». Студенты, не выбравшие к изучению эту дисциплину, самостоятельно готовят Project Proposal.  
104. Текст Project Proposal проверяется на наличие недопустимых заимствований в установленном в НИУ ВШЭ порядке[^27] и в сроки, определенные академическим руководителем образовательной программы.

[3] Документ: ПВРО 2024
Раздел: ОБЩИЕ ПОЛОЖЕНИЯ
Фрагмент: 2.  К обучающимся, на которых распространяются Правила, относятся учащиеся[^1], студенты, аспиранты, слушатели и другие категории обучающихся университета, включая его филиалы, независимо от их гражданства. Действие Правил распространяется также на лиц, прикрепленных для прохождения промежуточной аттестации, и лиц, прикрепленных для подготовки диссертации на соискание ученой степени кандидата наук без освоения программ подготовки научно-педагогических кадров в аспирантуре, включая филиалы (в той части, в которой Правила распространяются на аспирантов).

    3.  Правила являются локальным нормативным актом университета, регламентирующим права, обязанности и ответственность обучающихся, применяемые к обучающимся меры поощрения и взыскания, а также иные вопросы обеспечения порядка в НИУ ВШЭ.",,0.11267605633802817,0.9047619047619048,0
5,24,Какие меры дисциплинарного взыскания могут применяться к обучающемуся?,ПВРО 2024,ДИСЦИПЛИНАРНАЯ ОТВЕТСТВЕННОСТЬ ОБУЧАЮЩИХСЯ,"К обучающемуся могут применяться замечание, выговор и отчисление.",короткий список,llm_cited_generation,baseline_dense_test,"Меры дисциплинарного взыскания, которые могут применяться к обучающемуся за совершение дисциплинарного проступка:

* замечание (4.1);
* выговор (4.1);
* отчисление (4.3).

Отчисление в случае невыполнения обязанностей по добросовестному освоению образовательной программы и выполнению учебного плана не рассматривается как мера дисциплинарного взыскания (4.3).

За каждый дисциплинарный проступок может быть применена одна мера дисциплинарного взыскания (4.4).","[1] Документ: ПВРО 2024
Раздел: 4. ДИСЦИПЛИНАРНАЯ ОТВЕТСТВЕННОСТЬ ОБУЧАЮЩИХСЯ
Фрагмент: **4. ДИСЦИПЛИНАРНАЯ ОТВЕТСТВЕННОСТЬ ОБУЧАЮЩИХСЯ**

4.1. Дисциплинарным проступком признается неисполнение или нарушение Правил, иных локальных нормативных актов университета, в том числе регламентирующих организацию и осуществление образовательной деятельности.

За совершение дисциплинарного проступка к обучающемуся могут быть применены следующие меры дисциплинарного взыскания:

а) замечание;

б) выговор;

в) отчисление.

4.2. Университет осуществляет выбор конкретной меры дисциплинарного взыскания с учетом требований законодательства об образовании. Меры дисциплинарного взыскания могут быть применены к обучающемуся в любой последовательности (очередности), независимо от того, как они перечислены в пункте 4.1 Правил.

[2] Документ: ПВРО 2024
Раздел: 4. ДИСЦИПЛИНАРНАЯ ОТВЕТСТВЕННОСТЬ ОБУЧАЮЩИХСЯ
Фрагмент: 4.3. За нарушение обязанности, предусмотренной подпунктом 3.5.2 пункта 3.5 Правил, обучающийся может быть отчислен по инициативе университета за невыполнение обязанностей по добросовестному освоению образовательной программы и выполнению учебного плана. Отчисление в этом случае не рассматривается как мера дисциплинарного взыскания и порядок привлечения обучающихся к дисциплинарной ответственности применению не подлежит.

4.4. За каждый дисциплинарный проступок может быть применена одна мера дисциплинарного взыскания.

4.5. Меры дисциплинарного взыскания применяются к обучающимся:

-- непосредственно совершившим дисциплинарный проступок;

-- организовавшим и/или руководившим совершением дисциплинарного проступка, в том числе путем создания и/или руководства неформальным объединением обучающихся, нарушающим требования локальных нормативных актов университета;

-- склонившим других обучающихся к совершению дисциплинарного проступка;

-- содействовавшим совершению дисциплинарного проступка;

[3] Документ: ПОПАТКУС
Раздел: Апелляция
Фрагмент: 149. При выявлении студентов, КУД которых превышает критическое значение (с учетом отнесения студента к отдельной категории и наличия или отсутствия повтора критической ситуации), менеджер образовательной программы анализирует дополнительные показатели, свидетельствующие о добросовестности освоения образовательной программы и выполнения учебного плана, установленные в пункте 9 Положения.  
150. Студент, не выполняющий обязанности по добросовестному освоению образовательной программы и выполнению учебного плана, предусмотренной пунктом 9 Положения, может быть отчислен из НИУ ВШЭ в соответствии с пунктом 2 части 2 статьи 61 Федерального закона от 29.12.2012 № 273-ФЗ «Об образовании в Российской Федерации».",,0.15625,0.9,0
6,34,Нужно ли показывать студенческий билет или пропуск по требованию охраны?,ПВРО 2024,ПРАВА И ОБЯЗАННОСТИ ОБУЧАЮЩИХСЯ,"Да, при наличии оснований обучающийся обязан предъявить документ, подтверждающий обучение, и (или) электронный пропуск по требованию уполномоченных работников и охраны.",прикладной вопрос,llm_cited_generation,baseline_dense_test,"Да, нужно показывать студенческий билет или пропуск по требованию охраны.

При проходе в здания университета и нахождении в помещениях университета необходимо иметь при себе документ, подтверждающий обучение в Университете (студенческий билет, удостоверение аспиранта, ученический билет и т.д.) и (или) электронный пропуск (последний - при наличии), предъявлять любой из документов, дающих право на вход на объекты НИУ ВШЭ в соответствии с Положением о внутриобъектовом и пропускном режиме на объектах НИУ ВШЭ по требованию уполномоченных работников НИУ ВШЭ и работников охраны, в случае наличия у указанных работников обоснованных подозрений в нарушении обучающимся Правил, а равно при наличии оснований, предусмотренных законодательством Российской Федерации, и при условии указания соответствующим работником своей должности, фамилии, имени, отчества; [Источник: ПВРО 2024 | 3.5.8].

Также необходимо соблюдать требования по использованию средств индивидуальной защиты органов дыхания (маски, респираторы), антисептические средства при посещении мест общего пользования с учетом рекомендаций Главного санитарного врача Российской Федерации, а также соблюдать иные требования, предусмотренные для граждан при посещении ими зданий, строений, сооружений (помещений в них), и установленные законодательством Российской Федерации, в том числе санитарными эпидемиологическими нормами, локальными нормативными актами НИУ ВШЭ. [Источник: ПВРО 2024 | 6.4].","[1] Документ: ПВРО 2024
Раздел: 3. ПРАВА И ОБЯЗАННОСТИ ОБУЧАЮЩИХСЯ
Фрагмент: 3.5.8. при проходе в здания университета и (или) нахождении в помещениях университета иметь при себе документ, подтверждающий обучение в Университете (студенческий билет, удостоверение аспиранта, ученический билет и т.д.) и (или) электронный пропуск (последний - при наличии), предъявлять любой из документов, дающих право на вход на объекты НИУ ВШЭ в соответствии с Положением о внутриобъектовом и пропускном режиме на объектах НИУ ВШЭ по требованию уполномоченных работников НИУ ВШЭ и работников охраны, в случае наличия у указанных работников обоснованных подозрений в нарушении обучающимся Правил, а равно при наличии оснований, предусмотренных законодательством Российской Федерации, и при условии указания соответствующим работником своей должности, фамилии, имени, отчества; бережно и аккуратно хранить студенческий билет, удостоверение аспиранта, ученический билет, электронный пропуск, не передавать их третьим лицам, и не использовать указанные документы третьих лиц для совершения действий в своих интересах или

[2] Документ: ПВРО 2024
Раздел: 3. ПРАВА И ОБЯЗАННОСТИ ОБУЧАЮЩИХСЯ
Фрагмент: отчества; бережно и аккуратно хранить студенческий билет, удостоверение аспиранта, ученический билет, электронный пропуск, не передавать их третьим лицам, и не использовать указанные документы третьих лиц для совершения действий в своих интересах или интересах третьих лиц;

[3] Документ: ПВРО 2024
Раздел: 6. ПОРЯДОК В ЗДАНИЯХ УНИВЕРСИТЕТА
Фрагмент: 6.4. При входе в здания университета, а также при нахождении в них обучающиеся обязаны использовать средства индивидуальной защиты органов дыхания (маски, респираторы), антисептические средства при посещении мест общего пользования с учетом рекомендаций Главного санитарного врача Российской Федерации, а также соблюдать иные требования, предусмотренные для граждан при посещении ими зданий, строений, сооружений (помещений в них), и установленные законодательством Российской Федерации, в том числе санитарными эпидемиологическими нормами, локальными нормативными актами НИУ ВШЭ, действующие в период режима чрезвычайной ситуации или при возникновении угрозы распространения заболевания, представляющего опасность для окружающих, режима повышенной готовности, либо в период осуществления на соответствующей территории ограничительных мероприятий (карантина).",,0.1477832512315271,0.9444444444444444,1
7,37,Кто является учредителем и собственником имущества университета?,Ustav_01.02.2016-2,I. Общие положения,Учредителем и собственником имущества университета является Российская Федерация.,факт из устава,llm_cited_generation,baseline_dense_test,"Учредителем и собственником имущества университета является Российская Федерация.

[Источник: Ustav_01.02.2016-2 | I. Общие положения]

Функции и полномочия учредителя от имени Российской Федерации в отношении университета осуществляет Правительство Российской Федерации, отдельные функции и полномочия учредителя также осуществляют Министерство образования и науки Российской Федерации и Федеральное агентство по управлению государственным имуществом.

[Источник: Ustav_01.02.2016-2 | I. Общие положения]

Федеральное агентство по управлению государственным имуществом осуществляет функции собственника имущества, переданного университету, от имени Российской Федерации.

[Источник: Ustav_01.02.2016-2 | I. Общие положения]","[1] Документ: Ustav_01.02.2016-2
Раздел: I. Общие положения
Фрагмент: ## I. Общие положения  
1. Федеральное государственное автономное образовательное учреждение высшего образования ""Национальный исследовательский университет ""Высшая школа экономики"" (далее -университет) является унитарной некоммерческой организацией, созданной для осуществления образовательных, научных, социальных и культурных функций.  
2. Учредителем и собственником имущества университета является Российская Федерация.  
Функции и полномочия учредителя от имени Российской Федерации в отношении университета осуществляет Правительство Российской Федерации.  
Отдельные функции и полномочия учредителя осуществляют Министерство образования и науки Российской Федерации и Федеральное агентство по управлению государственным имуществом в соответствии с разграничениями, установленными настоящим уставом.

[2] Документ: Ustav_01.02.2016-2
Раздел: I. Общие положения
Фрагмент: Отдельные функции и полномочия учредителя осуществляют Министерство образования и науки Российской Федерации и Федеральное агентство по управлению государственным имуществом в соответствии с разграничениями, установленными настоящим уставом.  
Функции и полномочия собственника имущества, переданного университету, от имени Российской Федерации осуществляет Федеральное агентство по управлению государственным имуществом в порядке, установленном законодательством Российской Федерации.  
Контроль за деятельностью университета в соответствии с законодательством Российской Федерации осуществляют Правительство Российской Федерации, Министерство образования и науки Российской  
2  
Федерации и Федеральное агентство по управлению государственным имуществом.  
3. Правительство Российской Федерации осуществляет следующие функции и полномочия учредителя:  
1) утверждение устава университета, а также вносимых в него изменений;

[3] Документ: Ustav_01.02.2016-2
Раздел: VII. Экономика университета
Фрагмент: 111. Университет владеет, пользуется закрепленным за ним имуществом в пределах, установленных законом, в соответствии с целями своей деятельности, назначением имущества и, если иное не установлено законом, распоряжается имуществом с согласия Федерального агентства по управлению государственным имуществом.  
Университет без согласия Федерального агентства по управлению государственным имуществом не вправе распоряжаться недвижимым имуществом (особо ценным движимым имуществом), закрепленным за ним Агентством или приобретенным университетом за счет средств, выделенных ему учредителем на приобретение такого имущества.  
Остальным имуществом, закрепленным за университетом на праве оперативного управления, университет вправе распоряжаться самостоятельно, если иное не установлено законодательством Российской Федерации.",,0.1702127659574468,0.9714285714285714,1
8,40,Какие органы управления есть у университета?,Ustav_01.02.2016-2,IV. Организация деятельности и управление университетом,"Органами управления университета являются наблюдательный совет, конференция работников и обучающихся, ученый совет, президиум ученого совета, ректор и попечительский совет.",структурный вопрос,llm_cited_generation,baseline_dense_test,"Органами управления университета являются:

- Наблюдательный совет университета [Источник: Ustav_01.02.2016-2 | IV. Организация деятельности и управление университетом];
- Конференция работников и обучающихся университета [Источник: Ustav_01.02.2016-2 | IV. Организация деятельности и управление университетом];
- Ученый совет университета [Источник: Ustav_01.02.2016-2 | IV. Организация деятельности и управление университетом];
- Президиум ученого совета [Источник: Ustav_01.02.2016-2 | IV. Организация деятельности и управление университетом];
- Ректор университета [Источник: Ustav_01.02.2016-2 | IV. Организация деятельности и управление университетом];
- Попечительский совет университета [Источник: Ustav_01.02.2016-2 | IV. Организация деятельности и управление университетом].","[1] Документ: Ustav_01.02.2016-2
Раздел: IV. Организация деятельности и управление университетом
Фрагмент: 1) осуществляет текущее руководство деятельностью университета, за исключением вопросов, отнесенных федеральными законами или настоящим уставом к компетенции учредителя, наблюдательного совета и иных органов управления университетом;  
2) действует от имени университета без доверенности, представляет университет в отношениях с органами государственной власти, юридическими и физическими лицами;  
3) ежегодно отчитывается перед ученым советом университета;  
4) принимает решение о создании, переименовании и ликвидации структурных подразделений, за исключением структурных подразделений, создание переименование и ликвидация которых отнесены к компетенции ученого совета университета;  
5) утверждает положения о структурных подразделениях (кроме структурных подразделений, утверждение положений о которых отнесено к компетенции ученого совета университета);  
6) утверждает структуру и штатное расписание университета, включая структуру и штатное расписание филиалов и представительств;

[2] Документ: Ustav_01.02.2016-2
Раздел: IV. Организация деятельности и управление университетом
Фрагмент: 40. Органами управления университета являются наблюдательный совет университета, конференция работников и обучающихся университета, ученый совет университета, президиум ученого совета, ректор университета и попечительский совет университета.  
41. В университете создается наблюдательный совет, который является коллегиальным органом управления университета. Численность членов наблюдательного совета университета устанавливается Правительством Российской Федерации.  
В состав наблюдательного совета университета входят представители Правительства Российской Федерации, Федерального агентства по управлению государственным имуществом и общественности, в том числе лица, имеющие заслуги и достижения в соответствующей сфере деятельности.

[3] Документ: Ustav_01.02.2016-2
Раздел: IV. Организация деятельности и управление университетом
Фрагмент: 2) определение основных перспективных направлений развития университета, включая его образовательную и научную деятельность;  
3) нормативное регулирование основных вопросов организации образовательной деятельности, в том числе установление правил приема обучающихся, форм, периодичности и порядка текущего контроля успеваемости и промежуточной аттестации обучающихся, порядка и оснований перевода, отчисления и восстановления обучающихся, порядка оформления возникновения, приостановления и прекращения отношений между университетом и обучающимися;  
4) утверждение образовательных стандартов, устанавливаемых университетом самостоятельно;  
5) рассмотрение проекта плана финансово-хозяйственной деятельности университета;  
6) заслушивание ежегодных отчетов ректора университета и (или) отчетов о реализации программы развития; и",,0.33333333333333337,0.9545454545454546,1
9,42,На какой срок формируется наблюдательный совет?,Ustav_01.02.2016-2,IV. Организация деятельности и управление университетом,Срок полномочий наблюдательного совета университета составляет 5 лет.,короткий факт,llm_cited_generation,baseline_dense_test,"Срок полномочий наблюдательного совета составляет 5 лет.

[Источник: Ustav_01.02.2016-2 | IV. Организация деятельности и управление университетом]","[1] Документ: Ustav_01.02.2016-2
Раздел: IV. Организация деятельности и управление университетом
Фрагмент: В состав наблюдательного совета университета могут входить представители иных государственных органов, органов местного самоуправления и работников университета. Количество представителей государственных органов и органов местного самоуправления в составе наблюдательного совета университета не должно превышать одну треть общего числа членов наблюдательного совета университета. Не менее половины из числа представителей государственных органов и органов местного самоуправления составляют представители Правительства Российской Федерации.  
Количество представителей работников университета не может превышать одну треть общего числа членов наблюдательного совета.  
Срок полномочий наблюдательного совета университета составляет 5 лет.

[2] Документ: Ustav_01.02.2016-2
Раздел: IV. Организация деятельности и управление университетом
Фрагмент: Количество представителей работников университета не может превышать одну треть общего числа членов наблюдательного совета.  
Срок полномочий наблюдательного совета университета составляет 5 лет.  
42. Решение о назначении членов наблюдательного совета или досрочном прекращении их полномочий принимается Правительством Российской Федерации в соответствии с законодательством Российской Федерации. Университет представляет Правительству Российской Федерации кандидатуры представителей работников университета, одобренные ученым советом университета, для утверждения их членами наблюдательного совета, а также предложение о досрочном прекращении полномочий членов наблюдательного совета, являющихся представителями работников университета.  
43. Полномочия члена наблюдательного совета могут быть прекращены досрочно в следующих случаях:  
1) просьба члена наблюдательного совета;

[3] Документ: Ustav_01.02.2016-2
Раздел: IV. Организация деятельности и управление университетом
Фрагмент: 45. Председатель наблюдательного совета избирается на срок полномочий наблюдательного совета членами наблюдательного совета из их числа простым большинством голосов от общего числа голосов членов наблюдательного совета.  
Представитель работников университета не может быть избран председателем наблюдательного совета.  
46. Наблюдательный совет университета рассматривает:  
1) предложения Правительства Российской Федерации или ректора университета о внесении изменений в устав университета;  
2) предложения Министерства образования и науки Российской Федерации или ректора университета о создании и ликвидации филиалов университета, а также об открытии и о закрытии его представительств;  
3) предложения Правительства Российской Федерации или ректора университета о реорганизации университета или его ликвидации;  
4) предложения Федерального агентства по управлению государственным имуществом или ректора университета об изъятии имущества, закрепленного за университетом на праве оперативного управления;",,0.5185185185185185,0.9230769230769231,1
10,52,Из каких источников формируется имущество университета?,Ustav_01.02.2016-2,VII. Экономика университета,"Имущество формируется из федеральной собственности, имущества, приобретенного за счет средств учредителя, имущества от приносящей доход деятельности и иных законных оснований.",перечень,llm_cited_generation,baseline_dense_test,"Источниками формирования имущества университета являются:

имущество, находящееся в федеральной собственности, закрепленное за университетом на праве оперативного управления [1. Источник: Ustav_01.02.2016-2 | VII. Экономика университета];
имущество, приобретенное университетом за счет средств, выделенных ему учредителем на приобретение такого имущества [1. Источник: Ustav_01.02.2016-2 | VII. Экономика университета];
имущество, приобретенное университетом за счет средств от приносящей доход деятельности [1. Источник: Ustav_01.02.2016-2 | VII. Экономика университета];
имущество, полученное университетом по иным основаниям, предусмотренным законодательством Российской Федерации [1. Источник: Ustav_01.02.2016-2 | VII. Экономика университета].

Средства, выделенные ему учредителем на приобретение такого имущества, а также с учетом расходов на уплату налогов, в качестве объекта налогообложения по которым признается соответствующее имущество, в том числе земельные участки [3. Источник: Ustav_01.02.2016-2 | VII. Экономика университета];
субсидии, предоставляемой из федерального бюджета на иные цели, предусмотренные законодательством Российской Федерации [3. Источник: Ustav_01.02.2016-2 | VII. Экономика университета];
субсидии на осуществление капитальных вложений [3. Источник: Ustav_01.02.2016-2 | VII. Экономика университета];
гранты в форме субсидий, предоставляемых из федерального бюджета [3. Источник: Ustav_01.02.2016-2 | VII. Экономика университета];
средства, получаемые от приносящей доход деятельности университета [3. Источник: Ustav_01.02.2016-2 | VII. Экономика университета];
доходы, получаемые от использования прав на результаты интеллектуальной деятельности и средств индивидуализации, включая вознаграждение по лицензионным договорам, в соответствии с законодательством Российской Федерации [3. Источник: Ustav_01.02.2016-2 | VII. Экономика университета];
гранты, предоставленные на безвозмездной основе физическими и юридическими лицами [3. Источник: Ustav_01.02.2016-2 | VII. Экономика университета];
средства, безвозмездно полученные на ведение уставной деятельности от физических и юридических лиц [3. Источник: Ustav_01.02.2016-2 | VII. Экономика университета].","[1] Документ: Ustav_01.02.2016-2
Раздел: VII. Экономика университета
Фрагмент: 108. Источниками формирования имущества университета являются:  
1) имущество, находящееся в федеральной собственности, закрепленное за университетом на праве оперативного управления;  
2) имущество, приобретенное университетом за счет средств, выделенных ему учредителем на приобретение такого имущества;  
3) имущество, приобретенное университетом за счет средств от приносящей доход деятельности;  
4) имущество, полученное университетом по иным основаниям, предусмотренным законодательством Российской Федерации.  
109. Финансовое обеспечение деятельности университета осуществляется за счет:  
1) субсидии, предоставляемой из федерального бюджета на финансовое обеспечение выполнения государственного задания, с учетом расходов на содержание недвижимого имущества и особо ценного движимого имущества, закрепленного за университетом на праве оперативного управления или приобретенного университетом за счет

[2] Документ: Ustav_01.02.2016-2
Раздел: VII. Экономика университета
Фрагмент: 105. Университет обязан использовать имущество, находящееся у него на праве оперативного управления, в соответствии с целями своей деятельности и назначением этого имущества, обеспечивая его сохранность и эффективное использование.  
106. Университет отвечает по своим обязательствам всем находящимся у него на праве оперативного управления имуществом, за исключением недвижимого имущества и особо ценного движимого имущества, закрепленного за университетом Федеральным агентством по управлению государственным имуществом или приобретенного университетом за счет средств, выделенных ему учредителем на приобретение этого имущества.  
107. По обязательствам университета, связанным с причинением вреда гражданам, при недостаточности имущества университета, на которое в соответствии с пунктом 106 настоящего устава может быть обращено взыскание, субсидиарную ответственность несет собственник имущества университета.  
108. Источниками формирования имущества университета являются:

[3] Документ: Ustav_01.02.2016-2
Раздел: VII. Экономика университета
Фрагмент: средств, выделенных ему учредителем на приобретение такого имущества, а также с учетом расходов на уплату налогов, в качестве объекта налогообложения по которым признается соответствующее имущество, в том числе земельные участки;  
2) субсидии, предоставляемой из федерального бюджета на иные цели, предусмотренные законодательством Российской Федерации;  
3) субсидии на осуществление капитальных вложений;  
4) грантов в форме субсидий, предоставляемых из федерального бюджета;  
5) средств, получаемых от приносящей доход деятельности университета;  
6) доходов, получаемых от использования прав на результаты интеллектуальной деятельности и средств индивидуализации, включая вознаграждение по лицензионным договорам, в соответствии с законодательством Российской Федерации;  
7) грантов, предоставленных на безвозмездной основе физическими и юридическими лицами;  
8) средств, безвозмездно полученных на ведение уставной деятельности от физических и юридических лиц;",,0.08783783783783784,0.9139784946236559,0
11,53,За счет чего финансируется деятельность университета?,Ustav_01.02.2016-2,VII. Экономика университета,"Финансирование деятельности университета осуществляется за счет субсидий из федерального бюджета, грантов, доходов от приносящей доход деятельности и иных предусмотренных источников.",перечень источников,llm_cited_generation,baseline_dense_test,"Финансовое обеспечение деятельности университета осуществляется за счет субсидии, предоставляемой из федерального бюджета на финансовое обеспечение выполнения государственного задания, с учетом расходов на содержание недвижимого имущества и особо ценного движимого имущества, закрепленного за университетом на праве оперативного управления или приобретенного университетом за счет средств от приносящей доход деятельности [Источник: Ustav_01.02.2016-2 | VII. Экономика университета].","[1] Документ: Ustav_01.02.2016-2
Раздел: VII. Экономика университета
Фрагмент: Стоимость обучения по дополнительным общеобразовательным и дополнительным профессиональным программам, а также размер платы за оказание дополнительных образовательных услуг, оказываемых университетом, устанавливается ректором университета в соответствии с утвержденным планом финансово-хозяйственной деятельности.  
123. Университет ведет бухгалтерский учет в соответствии с Федеральным законом ""О бухгалтерском учете"" и иными нормативными правовыми актами в области бухгалтерского учета, представляет статистическую и бухгалтерскую (финансовую) отчетность в порядке, установленном законодательством Российской Федерации.  
124. Решение о проведении аудита годовой бухгалтерской отчетности университета и утверждении аудиторской организации принимает наблюдательный совет университета.  
125. Ежегодно университет опубликовывает отчеты о своей деятельности и об использовании закрепленного за ним имущества в установленном порядке.

[2] Документ: Ustav_01.02.2016-2
Раздел: VII. Экономика университета
Фрагмент: 12) публиковать результаты научных исследований и разработок самостоятельно, а также с привлечением иных партнеров;  
13) осуществлять иные права, предусмотренные законодательством Российской Федерации.  
121. Доходы, полученные университетом от приносящей доход деятельности, поступают в его самостоятельное распоряжение и используются им в соответствии с законодательством Российской Федерации для достижения целей, ради которых он создан, в соответствии с утвержденным в установленном порядке планом финансовохозяйственной деятельности. и B  
122. Стоимость обучения по основным общеобразовательным программам, образовательным программам среднего профессионального и высшего образования устанавливается ректором университета на основании решения ученого совета университета в соответствии с утвержденным планом финансово-хозяйственной деятельности.

[3] Документ: Ustav_01.02.2016-2
Раздел: VII. Экономика университета
Фрагмент: 108. Источниками формирования имущества университета являются:  
1) имущество, находящееся в федеральной собственности, закрепленное за университетом на праве оперативного управления;  
2) имущество, приобретенное университетом за счет средств, выделенных ему учредителем на приобретение такого имущества;  
3) имущество, приобретенное университетом за счет средств от приносящей доход деятельности;  
4) имущество, полученное университетом по иным основаниям, предусмотренным законодательством Российской Федерации.  
109. Финансовое обеспечение деятельности университета осуществляется за счет:  
1) субсидии, предоставляемой из федерального бюджета на финансовое обеспечение выполнения государственного задания, с учетом расходов на содержание недвижимого имущества и особо ценного движимого имущества, закрепленного за университетом на праве оперативного управления или приобретенного университетом за счет",,0.3157894736842105,0.9714285714285714,1
12,18,Что такое КУД?,ПОПАТКУС,Заключительные положения,"КУД — это показатель качества учебной деятельности, по которому после сессий и периодов пересдач принимаются решения о возможности продолжения обучения на текущих условиях.",специальный термин,llm_cited_generation,baseline_dense_test,"КУД (Критическое Уровень Дисциплинарного) определяется менеджером образовательной программы как количество неудовлетворительных оценок по промежуточным аттестациям без уважительных причин и (или) по причине неявок без уважительных причин. 

КУД рассчитывается с помощью инструментов и данных УИС в течение 10 рабочих дней после завершения сессии или периода пересдач [Источник: ПОПАТКУС | Апелляция, фрагмент 147].

Для студентов, не относящихся к отдельным категориям, критическое значение КУД равно 2 (двум), а для студентов из отдельных категорий оно равно 5 (пяти) при первом превышении обычного КУД [Источник: ПОПАТКУС | Апелляция, фрагмент 146].

При определении КУД учитываются особенности изучения Дисциплин или проведения независимых экзаменов и внешних оценок [Источник: ПОПАТКУС | Апелляция, фрагмент 148].","[1] Документ: ПОПАТКУС
Раздел: Апелляция
Фрагмент: 146. КУД определяется менеджером образовательной программы в отношении каждого студента образовательной программы. Для КУД устанавливается критическое значение. Критическое значение КУД для студентов, не относящихся к отдельным категориям, равно 2 (двум) (обычный КУД). Критическое значение КУД для студентов, относящихся к отдельным категориям, равно 5 (пяти), при условии, если превышение обычного КУД в отношении студента зафиксировано в первый раз. При последующих определениях КУД по отношению к студенту из отдельной категории для принятия решений об условиях продолжения обучения применяется обычный КУД.

[2] Документ: ПОПАТКУС
Раздел: Апелляция
Фрагмент: 147. В течение 10 (десяти) рабочих дней после завершения сессии или периода пересдач менеджер образовательной программы рассчитывает КУД как количество неудовлетворительных оценок по промежуточным аттестациям (включая независимые экзамены, внешние оценки) без уважительных причин и (или) по причине неявок без уважительных причин. Расчет производится с помощью инструментов и данных УИС. Перед расчетом менеджер образовательной программы обязан убедиться в полноте и корректности данных об оценках, неявках, уважительных причинах, имеющихся у студента.  
Если обучающийся относится к отдельной категории, установленной Положением, то при первом получении академических задолженностей в количестве не более пяти, причины их набора обучающимся считаются уважительными, в связи с чем менеджер программы не фиксирует в порядке, предусмотренном Положением, недобросовестного освоения образовательной программы.

[3] Документ: ПОПАТКУС
Раздел: Апелляция
Фрагмент: 148. КУД определяется по следующим правилам, учитывающим особенности изучения Дисциплин или проведения независимых экзаменов и внешних оценок:  
1.  две неудовлетворительные оценки по итогам промежуточных аттестаций в рамках одной Дисциплины в ходе 2 (двух) сессий между периодами пересдач учитываются как 1 (одна) неудовлетворительная оценка;  
2.  неудовлетворительная оценка по итогам промежуточной аттестации, полученная по Дисциплине, включенной в ИУП, но выбранной студентом сверх нормативного объема, предлагаемого учебным планом, в том числе по факультативной Дисциплине, учитывается наравне с другими неудовлетворительными оценками;  
3.  неудовлетворительная оценка, полученная по общеуниверситетскому факультативу, не учитывается в общем количестве неудовлетворительных оценок;  
4.  неявка на мероприятие обязательной внешней оценки учитывается в КУД как отдельное слагаемое;  
5.  количество неудовлетворительных оценок по независимым экзаменам определяется в соответствии с пунктами 93, 94, 102 Положения;",,0.06451612903225806,0.8524590163934426,1
13,26,Что запрещено на территории университета?,ПВРО 2024,ПОРЯДОК В ЗДАНИЯХ УНИВЕРСИТЕТА,"На территории университета запрещаются действия, перечисленные в правилах внутреннего распорядка, нарушающие общественный порядок, требования безопасности и установленные ограничения.",обобщенный ответ,llm_cited_generation,baseline_dense_test,"Запрещено:

- Появление в состоянии алкогольного, наркотического или токсического опьянения (6.3.1).
- Потребление табака и использование устройств для потребления никотинсодержащей и/или безникотиновой продукции (6.3.2).
- Хранение, приобретение, употребление и распространение наркотических средств и психотропных веществ (6.3.5).
- Хранение, распространение и использование взрывчатых и огнеопасных веществ, пиротехнических средств (6.3.6).
- Вывешивание объявлений, нанесение надписей вне отведенных для этого мест без соответствующего разрешения администрации университета (6.3.7).
- Использование выделенных для обучения аудиторий и оборудования в личных целях (6.3.8).
- Вынос из зданий университета имущества, предметов или материалов, принадлежащих университету, а также внос в здание громоздких предметов без получения на то соответствующего разрешения администрации университета (6.3.9).

[Источник: ПВРО 2024 | Раздел: 6.]","[1] Документ: ПВРО 2024
Раздел: 6. ПОРЯДОК В ЗДАНИЯХ УНИВЕРСИТЕТА
Фрагмент: 6.3.7. вывешивание объявлений, нанесение надписей вне отведенных для этого мест без соответствующего разрешения администрации университета;

6.3.8. использование выделенных для обучения аудиторий и оборудования в личных целях;

6.3.9. вынос из зданий университета имущества, предметов или материалов, принадлежащих университету, а также внос в здание громоздких предметов без получения на то соответствующего разрешения администрации университета.

[2] Документ: ПВРО 2024
Раздел: 6. ПОРЯДОК В ЗДАНИЯХ УНИВЕРСИТЕТА
Фрагмент: 6.2. Находясь в зданиях университета, обучающиеся обязаны соблюдать общепринятые нормы поведения в общественных местах и использовать помещения университета по назначению.

6.3.1. появление в состоянии алкогольного, наркотического или токсического опьянения;

6.3.2. потребление табака и использование устройств для потребления никотинсодержащей и/или безникотиновой продукции, в том числе электронных систем доставки никотина и устройств для нагревания табака, а также их составных частей и элементов;

6.3.5. хранение, приобретение, употребление и распространение наркотических средств и психотропных веществ, их прекурсоров и аналогов и других одурманивающих веществ;

6.3.6. хранение, распространение и использование взрывчатых и огнеопасных веществ, пиротехнических средств;

6.3.7. вывешивание объявлений, нанесение надписей вне отведенных для этого мест без соответствующего разрешения администрации университета;

6.3.8. использование выделенных для обучения аудиторий и оборудования в личных целях;

[3] Документ: ПВРО 2024
Раздел: 3. ПРАВА И ОБЯЗАННОСТИ ОБУЧАЮЩИХСЯ
Фрагмент: 3.5.17. не осуществлять незаконное употребление, а также приобретение, хранение, перевозку, изготовление, переработку наркотических средств, психотропных веществ, их прекурсоров или аналогов;

3.5.18. не допускать использования наименования, символики, товарных знаков (знаков обслуживания), коммерческих обозначений НИУ ВШЭ без разрешения уполномоченных органов (должностных лиц) университета, в т.ч. в коммерческих и (или) политических целях;

3.5.19. не выступать публично и не делать заявления от имени университета (структурного подразделения университета, должностного лица университета), не представлять в публичном пространстве свою личную позицию или позицию группы работников и/или обучающихся как совокупную позицию НИУ ВШЭ, его структурных подразделений либо работников и/или обучающихся НИУ ВШЭ либо его структурных подразделений в целом;",,0.029850746268656716,0.9672131147540983,1
14,46,Кто утверждает устав университета и изменения к нему?,Ustav_01.02.2016-2,I. Общие положения,Устав университета и вносимые в него изменения утверждает Правительство Российской Федерации.,факт из полномочий учредителя,llm_cited_generation,baseline_dense_test,"Ректор утверждает устав университета и изменения к нему.

Утверждение устава университета и изменений к нему осуществляется ректором, согласно разделу IV. Организация деятельности и управление университетом в документе Ustav_01.02.2016-2 [1]. 

Ректор утверждает структуру и штатное расписание университета, включая структуру и штатное расписание филиалов и представительств [Источник: Ustav_01.02.2016-2 | IV].

Ректор утверждает положения о структурных подразделениях (кроме структурных подразделений, утверждение положений о которых отнесено к компетенции ученого совета университета) [Источник: Ustav_01.02.2016-2 | IV].

Ректор утверждает устав университета и изменения к нему в соответствии с разделом IV. Организация деятельности и управление университетом в документе Ustav_01.02.2016-2 [1].","[1] Документ: Ustav_01.02.2016-2
Раздел: IV. Организация деятельности и управление университетом
Фрагмент: 1) осуществляет текущее руководство деятельностью университета, за исключением вопросов, отнесенных федеральными законами или настоящим уставом к компетенции учредителя, наблюдательного совета и иных органов управления университетом;  
2) действует от имени университета без доверенности, представляет университет в отношениях с органами государственной власти, юридическими и физическими лицами;  
3) ежегодно отчитывается перед ученым советом университета;  
4) принимает решение о создании, переименовании и ликвидации структурных подразделений, за исключением структурных подразделений, создание переименование и ликвидация которых отнесены к компетенции ученого совета университета;  
5) утверждает положения о структурных подразделениях (кроме структурных подразделений, утверждение положений о которых отнесено к компетенции ученого совета университета);  
6) утверждает структуру и штатное расписание университета, включая структуру и штатное расписание филиалов и представительств;

[2] Документ: Ustav_01.02.2016-2
Раздел: IV. Организация деятельности и управление университетом
Фрагмент: о создании, переименовании и ликвидации на базе иных организаций, осуществляющих деятельность по профилю соответствующей образовательной программы, кафедр и иных структурных подразделений, обеспечивающих практическую подготовку обучающихся; и  
13) если иное не предусмотрено настоящим уставом, утверждение положений:  
об образовательных и научно-исследовательских подразделениях;  
о кафедрах и других структурных подразделениях, обеспечивающих практическую подготовку обучающихся, создаваемых на базе иных организаций, осуществляющих деятельность по профилю соответствующей образовательной программы;  
о кафедрах, осуществляющих образовательную деятельность, создаваемых в научных организациях и иных организациях, осуществляющих научную (научно-исследовательскую) и (или) научнотехническую деятельность;  
о филиалах и представительствах;  
14) рассмотрение отчетов руководителей структурных подразделений университета;

[3] Документ: Ustav_01.02.2016-2
Раздел: IV. Организация деятельности и управление университетом
Фрагмент: 25) принятие локальных нормативных актов по вопросам, отнесенным к компетенции ученого совета университета, в порядке, установленном настоящим уставом.  
58. По решению ректора университета ученый совет рассматривает программу развития университета.  
59. Процедура принятия решений по вопросам, отнесенным к компетенции ученого совета университета и не урегулированным законодательством Российской Федерации и настоящим уставом, определяется ученым советом университета самостоятельно.  
60. По решению ученого совета университета из числа его членов может создаваться президиум ученого совета университета, являющийся коллегиальным органом управления университета. Порядок создания президиума и порядок его работы, а также количественный и персональный состав определяются ученым советом университета. Ученый совет университета вправе делегировать осуществление своих полномочий президиуму ученого совета университета в части, не противоречащей законодательству Российской Федерации. и",,0.08474576271186442,0.65,1
15,54,Какие основные категории работников есть в университете?,Ustav_01.02.2016-2,VIII. Работники университета,Работники университета делятся на основной персонал и прочий персонал; к основному относятся научно-педагогические и другие профильные категории работников.,ответ с классификацией,llm_cited_generation,baseline_dense_test,"В университете предусмотрены две основные категории работников:

1) Основной персонал, к которому относятся руководство университета, научно-педагогические работники, педагогические работники и экспертно-аналитический персонал [Источник: Ustav_01.02.2016-2 | VIII].
2) Прочий персонал, к которому относятся инженерно-технические, административно-хозяйственные, производственные, учебно-вспомогательные, медицинские и иные работники [Источник: Ustav_01.02.2016-2 | VIII].","[1] Документ: Ustav_01.02.2016-2
Раздел: VIII. Работники университета
Фрагмент: ## VIII. Работники университета  
128. В университете предусматриваются следующие категории работников:  
1) основной персонал, к которому относятся работники, выполнение трудовых обязанностей которых непосредственно связано с реализацией университетом деятельности, направленной на достижение целей его создания, в том числе:  
а) руководство университета;  
б) научно-педагогические работники, а именно:  
педагогические работники, относящиеся к профессорскопреподавательскому составу;  
научные работники (включая руководителей научных (научноисследовательских), научно-образовательных структурных подразделений и их заместителей);  
в) педагогические работники;  
г) экспертно-аналитический персонал (работники, занимающие должности экспертов и аналитиков в научных (научно-исследовательских), научно-образовательных структурных подразделениях);

[2] Документ: Ustav_01.02.2016-2
Раздел: VIII. Работники университета
Фрагмент: в) педагогические работники;  
г) экспертно-аналитический персонал (работники, занимающие должности экспертов и аналитиков в научных (научно-исследовательских), научно-образовательных структурных подразделениях);  
2) прочий персонал, к которому относятся работники, занимающие должности инженерно-технических, административно-хозяйственных, производственных, учебно-вспомогательных, медицинских и иных работников, осуществляющих вспомогательные функции.  
129. Работники университета участвуют в управлении университетом в форме участия в его органах управления.  
130. Работники университета обеспечивают размещение информации о своих достижениях, связанных с осуществлением образовательной, научной и иных видов деятельности в университете, на сайте в порядке, установленном локальными нормативными актами университета.

[3] Документ: Ustav_01.02.2016-2
Раздел: IV. Организация деятельности и управление университетом
Фрагмент: 10) устанавливает размер и сроки выплат заработной платы работникам университета;  
11) определяет трудовые обязанности, полномочия и ответственность проректоров и других должностных лиц университета;  
12) в соответствии с трудовым законодательством Российской Федерации принимает на работу, увольняет работников университета, заключает трудовые договоры и осуществляет иные права работодателя;  
13) организует работу структурных подразделений университета;  
14) принимает решения о поощрении работников университета и наложении на них дисциплинарных взысканий;  
15) совершает от имени университета любые сделки и иные юридические действия в порядке, предусмотренном законодательством Российской Федерации и настоящим уставом;  
16) утверждает ежегодные планы научно-исследовательских работ, экспериментальных разработок, опытно-конструкторских и технологических работ, осуществляемых за счет средств от приносящей доход деятельности; и  
17) ежегодно определяет и устанавливает объемы учебной нагрузки;",,0.2162162162162162,0.7419354838709677,1
